1,Gisèle,464,Platypus,6,3,1,8,3,3,4,16,3,Platypus
2,Yú,592,Stork white-necked,26,1,4,6,2,2,3,13,3,"Stork, white-necked"
3,Lèi,628,Brown and yellow marshbird,41,16,3,5,2,7,1,3,24,Brown and yellow marshbird
4,Médiamass,616,Squirrel african bush,23,10,4,12,4,18,1,65,15,"Squirrel, african bush"
5,Audréanne,27,Swallow (unidentified),49,12,3,5,3,20,5,47,26,Swallow (unidentified)
6,Cléa,977,American alligator,50,16,1,6,1,2,3,34,12,American alligator
7,Mélanie,12,Carpet python,16,6,2,6,4,11,1,40,8,Carpet python
8,Marylène,936,Madagascar hawk owl,7,9,4,6,0,2,1,82,7,Madagascar hawk owl
9,Yénora,469,Starling greater blue-eared,46,2,5,10,4,8,2,52,19,"Starling, greater blue-eared"
10,Séverine,472,Mountain lion,11,8,5,11,4,1,5,2,19,Mountain lion
11,Hélène,337,Kangaroo jungle,26,10,3,9,3,7,2,91,30,"Kangaroo, jungle"
12,Ophélie,904,White-faced tree rat,15,6,1,9,4,3,3,22,11,White-faced tree rat
13,Uò,990,Musk ox,29,6,4,8,3,11,5,37,29,Musk ox
14,Gaïa,845,Black-backed jackal,45,11,3,8,1,5,2,24,20,Black-backed jackal
15,Rachèle,288,Scarlet macaw,24,6,4,7,0,17,3,82,19,Scarlet macaw
16,Rachèle,322,Common zebra,7,15,3,10,0,19,3,16,17,Common zebra
17,Gaétane,109,Eagle bateleur,5,16,1,9,3,3,2,75,30,"Eagle, bateleur"
18,Naëlle,45,Sage grouse,44,4,3,5,3,16,4,26,30,Sage grouse
19,Dù,724,Kangaroo eastern grey,42,3,3,9,3,3,3,11,27,"Kangaroo, eastern grey"
20,Gaëlle,60,Wombat common,40,14,5,10,0,14,2,51,26,"Wombat, common"
21,Médiamass,855,Painted stork,34,5,2,12,4,3,2,5,9,Painted stork
22,Léone,336,Trotter lily,8,20,4,11,0,15,5,70,7,"Trotter, lily"
23,Thérèse,1000,Scaly-breasted lorikeet,3,17,1,10,4,12,1,37,18,Scaly-breasted lorikeet
24,Laurène,452,Langur hanuman,9,17,4,10,2,14,4,80,4,"Langur, hanuman"
25,Andréanne,887,Harbor seal,27,16,4,7,1,3,5,64,22,Harbor seal
26,Maïly,199,Grey-footed squirrel,35,3,2,11,2,2,1,36,18,Grey-footed squirrel
27,Clémentine,974,Greater flamingo,10,1,3,9,4,1,1,26,28,Greater flamingo
28,Estée,596,Tarantula,27,8,5,5,4,20,2,54,9,Tarantula
29,Marie-thérèse,40,Pelican great white,46,13,4,10,0,13,3,16,22,"Pelican, great white"
30,Erwéi,258,Coatimundi ring-tailed,21,13,5,11,3,8,3,98,26,"Coatimundi, ring-tailed"
31,Séverine,955,Wallaby river,23,2,3,11,3,5,5,37,6,"Wallaby, river"
32,Anaé,519,Killer whale,3,10,2,5,3,1,2,79,3,Killer whale
33,Nuó,399,Greater adjutant stork,10,10,2,11,2,13,2,49,6,Greater adjutant stork
34,Anaël,721,Egyptian goose,18,16,1,9,4,11,4,33,7,Egyptian goose
35,Eloïse,419,Shark blue,36,6,3,4,4,10,1,75,1,"Shark, blue"
36,Loïc,496,Pied avocet,50,1,2,12,4,1,4,45,2,Pied avocet
37,Océanne,525,Duiker common,32,10,4,8,2,5,5,52,5,"Duiker, common"
38,Loïc,516,Thomson's gazelle,7,17,5,12,3,6,1,88,21,Thomson's gazelle
39,Gaëlle,883,Openbill stork,16,19,1,12,4,10,4,9,20,Openbill stork
40,Pò,290,Western bearded dragon,25,2,2,8,4,18,4,80,26,Western bearded dragon
41,Françoise,741,Seal southern elephant,39,18,1,9,3,4,3,92,3,"Seal, southern elephant"
42,Kù,596,Gull swallow-tail,10,15,4,6,0,9,3,8,26,"Gull, swallow-tail"
43,Célestine,335,Lemur sportive,38,16,3,6,2,2,2,91,13,"Lemur, sportive"
44,Laïla,985,Seal southern elephant,45,6,2,4,0,10,2,79,23,"Seal, southern elephant"
45,Alizée,358,Legaan ground,44,6,3,5,4,14,3,16,21,"Legaan, ground"
46,Dù,334,Giant armadillo,9,12,3,12,0,12,2,100,26,Giant armadillo
47,Céline,56,Wapiti elk,24,12,3,7,3,5,5,73,6,"Wapiti, elk,"
48,Gérald,691,Savanna baboon,40,11,1,12,3,11,2,34,14,Savanna baboon
49,Athéna,803,Margay,19,8,5,12,4,14,3,82,6,Margay
50,Stévina,679,Falcon peregrine,14,13,3,6,3,12,4,54,18,"Falcon, peregrine"
51,Maïlis,673,Southern white-crowned shrike,19,3,5,4,2,2,3,88,9,Southern white-crowned shrike
52,Léonore,433,Gray langur,18,19,3,6,1,19,3,30,26,Gray langur
53,Simplifiés,883,Toddy cat,37,10,3,10,0,13,1,22,13,Toddy cat
54,Mårten,324,Raven cape,26,18,5,12,2,9,5,31,19,"Raven, cape"
55,Léane,509,Greater kudu,29,5,5,4,2,12,4,9,18,Greater kudu
56,Styrbjörn,160,Blue and yellow macaw,9,1,4,4,0,10,3,15,7,Blue and yellow macaw
57,Naëlle,662,Purple moorhen,24,19,1,10,3,4,5,26,0,Purple moorhen
58,Cunégonde,738,Dragonfly russian,19,10,5,11,4,14,4,92,28,"Dragonfly, russian"
59,Dorothée,740,Cape clawless otter,12,16,4,6,3,13,2,11,16,Cape clawless otter
60,Mégane,235,Ground legaan,42,3,5,9,3,12,5,45,14,Ground legaan
61,Eléa,43,Buffalo african,11,7,2,9,2,5,2,29,14,"Buffalo, african"
62,Táng,905,White-bellied sea eagle,30,4,1,10,2,2,4,34,15,White-bellied sea eagle
63,Mélina,877,Gull swallow-tail,22,18,2,12,0,17,2,22,1,"Gull, swallow-tail"
64,Annotée,16,Australian pelican,16,17,5,12,4,1,4,18,8,Australian pelican
65,Bérangère,712,Lemur brown,9,19,5,10,4,3,1,34,25,"Lemur, brown"
66,Léonore,129,Arctic lemming,18,17,1,4,0,5,1,7,28,Arctic lemming
67,Annotée,597,Savanna fox,35,20,2,7,0,1,4,63,19,Savanna fox
68,Médiamass,748,African buffalo,45,20,3,7,1,9,3,97,25,African buffalo
69,Joséphine,585,Crested porcupine,28,9,3,6,1,13,1,73,26,Crested porcupine
70,Esbjörn,316,Brocket red,32,8,1,6,4,2,3,29,13,"Brocket, red"
71,Rébecca,656,Pine squirrel,20,17,4,12,0,12,1,89,2,Pine squirrel
72,Réjane,404,Swan black,38,4,5,5,3,16,3,72,3,"Swan, black"
73,Marie-ève,270,Bunting crested,27,3,4,11,1,3,1,90,14,"Bunting, crested"
74,Åke,231,Bent-toed gecko,7,20,1,10,2,2,2,76,27,Bent-toed gecko
75,Thérèsa,351,Hornbill leadbeateri's ground,28,8,2,4,4,18,2,51,26,"Hornbill, leadbeateri's ground"
76,Séverine,30,Common palm civet,13,15,2,9,1,9,5,41,1,Common palm civet
77,Marie-thérèse,533,Sun gazer,12,4,2,8,2,4,3,19,26,Sun gazer
78,Josée,584,Glider squirrel,12,12,5,8,1,15,5,15,5,"Glider, squirrel"
79,Angélique,706,Indian porcupine,19,2,5,11,0,5,4,79,25,Indian porcupine
80,Nélie,492,Kangaroo black-faced,38,10,1,9,0,19,2,71,18,"Kangaroo, black-faced"
81,Maëlys,44,Dove laughing,42,11,4,6,1,2,5,77,2,"Dove, laughing"
82,Mélys,238,Ornate rock dragon,14,2,4,8,2,1,5,36,26,Ornate rock dragon
83,Kuí,944,African skink,34,8,4,4,2,17,2,10,6,African skink
84,Tú,363,Arctic tern,18,20,5,7,0,12,1,85,9,Arctic tern
85,Desirée,168,South American meadowlark (unidentified),28,3,5,5,4,13,5,32,23,South American meadowlark (unidentified)
86,Naëlle,361,Cat native,27,19,3,4,0,13,5,21,27,"Cat, native"
87,Mén,856,Collared lizard,21,3,3,5,1,11,4,28,10,Collared lizard
88,Yè,695,Badger american,29,17,5,12,2,1,4,54,6,"Badger, american"
89,Léonore,43,Masked booby,28,3,5,7,1,4,5,100,24,Masked booby
90,Göran,678,Azara's zorro,27,7,5,10,4,9,5,86,4,Azara's zorro
91,Lauréna,689,Ornate rock dragon,26,19,4,9,0,7,5,33,25,Ornate rock dragon
92,Adélie,496,Phalarope grey,21,14,2,5,4,17,4,94,24,"Phalarope, grey"
93,Eugénie,857,Woodpecker downy,2,3,5,4,4,6,2,15,15,"Woodpecker, downy"
94,Maïlys,696,Coke's hartebeest,49,8,4,11,4,13,3,20,18,Coke's hartebeest
95,Lucrèce,383,Common waterbuck,41,18,2,12,3,17,3,3,8,Common waterbuck
96,Béatrice,706,Lesser double-collared sunbird,50,19,2,8,2,13,2,28,0,Lesser double-collared sunbird
97,Anaëlle,472,Defassa waterbuck,48,2,4,5,0,18,1,44,4,Defassa waterbuck
98,Léonore,464,Pine snake (unidentified),47,13,3,6,4,8,1,48,9,Pine snake (unidentified)
99,Bérangère,889,Turtle snake-necked,5,9,3,11,1,13,3,17,19,"Turtle, snake-necked"
100,Personnalisée,842,Puku,27,6,4,9,0,9,3,82,1,Puku
101,Garçon,373,White-winged dove,15,12,2,7,4,3,1,13,23,White-winged dove
102,Dorothée,159,Falcon prairie,1,15,1,7,1,20,2,11,11,"Falcon, prairie"
103,Méthode,313,Macaw scarlet,25,3,1,5,3,13,5,68,2,"Macaw, scarlet"
104,Personnalisée,968,Elephant asian,37,16,3,9,0,5,1,91,7,"Elephant, asian"
105,Rébecca,399,Squirrel glider,18,7,2,11,0,11,3,24,14,Squirrel glider
106,Maï,122,Porcupine crested,2,11,4,10,1,2,1,34,10,"Porcupine, crested"
107,Marie-josée,944,Dusky gull,1,5,1,6,3,15,2,49,19,Dusky gull
108,Bénédicte,481,Rhea greater,41,9,4,8,3,9,4,79,18,"Rhea, greater"
109,Maëlyss,362,Cormorant great,30,1,2,5,2,2,4,11,8,"Cormorant, great"
110,Angélique,684,Fox bat-eared,44,13,1,5,3,17,5,91,2,"Fox, bat-eared"
111,Laurélie,132,Golden brush-tailed possum,21,2,3,11,1,10,5,97,13,Golden brush-tailed possum
112,Clélia,96,Rattlesnake dusky,7,19,4,10,4,1,2,80,20,"Rattlesnake, dusky"
113,Angèle,148,Canadian tiger swallowtail butterfly,28,20,2,4,1,16,1,81,29,Canadian tiger swallowtail butterfly
114,Bécassine,456,Peregrine falcon,27,12,2,10,1,4,4,84,16,Peregrine falcon
115,Lorène,204,Skua great,26,18,3,7,0,3,1,49,28,"Skua, great"
116,Crééz,533,Paradoxure,37,5,3,5,1,1,3,58,8,Paradoxure
117,Táng,361,Koala,2,12,2,11,4,9,3,94,15,Koala
118,Noémie,157,Stork greater adjutant,27,17,1,9,4,20,5,35,5,"Stork, greater adjutant"
119,Aurélie,777,Red sheep,5,7,4,9,1,4,4,19,8,Red sheep
120,Amélie,325,Striped dolphin,11,6,5,8,4,4,1,100,24,Striped dolphin
121,Yú,678,Egyptian vulture,24,10,2,12,4,15,2,40,10,Egyptian vulture
122,Gaëlle,658,Brown pelican,44,12,4,9,4,10,3,22,2,Brown pelican
123,Magdalène,357,Cockatoo sulfur-crested,5,5,2,5,0,9,5,88,10,"Cockatoo, sulfur-crested"
124,Maïwenn,293,Catfish blue,15,3,4,4,4,6,3,97,19,"Catfish, blue"
125,Örjan,65,Dove ring,50,9,5,9,0,8,4,1,4,"Dove, ring"
126,Félicie,467,Wallaby whip-tailed,18,12,2,10,3,3,3,56,8,"Wallaby, whip-tailed"
127,Görel,517,Common turkey,10,8,1,10,4,8,2,46,16,Common turkey
128,Rachèle,503,Curlew black,2,7,4,9,4,5,3,8,1,"Curlew, black"
129,Maëlys,115,Camel dromedary,17,13,2,11,1,13,4,39,16,"Camel, dromedary"
130,Judicaël,90,Stanley bustard,20,15,4,10,2,17,2,99,24,Stanley bustard
131,Håkan,469,Cockatoo red-breasted,34,3,5,5,4,10,3,94,7,"Cockatoo, red-breasted"
132,Sélène,270,Jackal golden,41,13,2,4,4,14,1,33,7,"Jackal, golden"
133,Laurène,439,Insect stick,2,10,4,10,4,2,1,80,19,"Insect, stick"
134,Gaëlle,374,Black-capped chickadee,24,2,2,8,4,20,1,2,10,Black-capped chickadee
135,Rachèle,922,Buttermilk snake,23,14,2,8,2,2,4,43,18,Buttermilk snake
136,Marie-françoise,36,Paddy heron (unidentified),32,13,4,7,0,19,5,69,17,Paddy heron (unidentified)
137,Kallisté,968,Black-throated butcher bird,34,6,5,6,2,18,3,34,26,Black-throated butcher bird
138,Lén,152,Lorikeet scaly-breasted,21,5,1,9,1,15,2,97,0,"Lorikeet, scaly-breasted"
139,Anaé,782,Common mynah,19,1,2,9,3,14,5,19,8,Common mynah
140,Maï,586,Short-beaked echidna,30,5,2,4,4,1,4,8,2,Short-beaked echidna
141,Eléa,575,Cobra egyptian,30,6,4,11,3,5,5,32,26,"Cobra, egyptian"
142,Mégane,179,Cliffchat mocking,18,6,3,9,3,20,4,100,15,"Cliffchat, mocking"
143,Mélinda,454,Red-cheeked cordon bleu,38,7,3,5,1,9,5,100,14,Red-cheeked cordon bleu
144,Naëlle,938,Badger american,6,4,2,9,0,3,1,90,19,"Badger, american"
145,Personnalisée,556,Badger american,50,20,2,12,1,4,2,98,0,"Badger, american"
146,Cléopatre,27,Sable antelope,1,8,4,11,1,10,5,80,28,Sable antelope
147,Marylène,582,Sugar glider,2,17,3,8,2,15,4,55,21,Sugar glider
148,Garçon,988,Stork marabou,45,16,2,4,1,17,1,69,3,"Stork, marabou"
149,Lén,242,Eurasian beaver,42,1,5,8,4,16,1,24,3,Eurasian beaver
150,Maéna,2,Blue and gold macaw,33,11,5,8,3,8,2,62,26,Blue and gold macaw
151,Björn,93,Creeper black-tailed tree,45,20,1,4,1,15,3,85,26,"Creeper, black-tailed tree"
152,Yóu,255,Egret great,35,17,4,10,1,15,2,42,28,"Egret, great"
153,Pénélope,75,Robin white-throated,47,5,5,10,3,16,5,28,27,"Robin, white-throated"
154,Lóng,669,Cockatoo sulfur-crested,4,16,4,4,2,16,3,94,1,"Cockatoo, sulfur-crested"
155,Pélagie,780,Legaan water,18,2,3,10,2,2,2,100,15,"Legaan, water"
156,Mélia,939,Brown antechinus,6,13,1,8,1,14,4,34,9,Brown antechinus
157,Torbjörn,977,Tiger cat,1,18,2,6,1,10,4,89,18,Tiger cat
158,Marlène,467,Uinta ground squirrel,32,3,4,7,0,2,1,79,30,Uinta ground squirrel
159,Mélia,60,Bear american black,10,3,1,6,0,12,4,49,6,"Bear, american black"
160,Léone,444,Snake eastern indigo,33,5,5,6,3,14,2,71,19,"Snake, eastern indigo"
161,Clémence,220,Eleven-banded armadillo (unidentified),37,7,2,12,3,20,4,57,5,Eleven-banded armadillo (unidentified)
162,Anaïs,182,Waxbill violet-eared,32,20,3,11,0,15,1,81,5,"Waxbill, violet-eared"
163,Séverine,997,American woodcock,15,7,3,8,2,20,5,65,24,American woodcock
164,Pénélope,967,Roan antelope,42,17,5,12,1,13,4,23,16,Roan antelope
165,Lóng,64,Mongoose yellow,32,19,3,8,0,13,3,59,13,"Mongoose, yellow"
166,Estée,285,Praying mantis (unidentified),8,15,1,4,2,4,2,44,22,Praying mantis (unidentified)
167,Annotée,158,Kingfisher malachite,26,18,1,12,0,12,2,35,2,"Kingfisher, malachite"
168,Cléopatre,377,Dragon ornate rock,24,9,3,9,3,4,1,60,13,"Dragon, ornate rock"
169,Börje,621,Brown capuchin,24,12,1,7,3,16,4,61,26,Brown capuchin
170,Maïlys,511,Bushbaby large-eared,6,1,5,10,0,15,3,33,10,"Bushbaby, large-eared"
171,Rébecca,569,Quail gambel's,40,20,4,12,0,5,5,98,25,"Quail, gambel's"
172,Laurélie,437,Hawk ferruginous,5,17,3,7,1,12,4,15,4,"Hawk, ferruginous"
173,Mélina,590,Carpet snake,15,18,1,11,4,13,1,67,13,Carpet snake
174,Kévina,584,Armadillo giant,37,4,2,8,1,20,4,36,25,"Armadillo, giant"
175,Tú,386,Tsessebe,45,16,1,5,4,2,3,14,2,Tsessebe
176,Östen,213,Caribou,31,9,5,11,3,3,4,63,27,Caribou
177,Kù,766,Asiatic wild ass,23,2,3,8,4,1,1,49,6,Asiatic wild ass
178,Méthode,610,Camel dromedary,32,16,2,4,3,17,5,62,26,"Camel, dromedary"
179,Aimée,663,Turkey australian brush,1,3,1,6,2,15,1,48,4,"Turkey, australian brush"
180,Célestine,570,Dog black-tailed prairie,49,20,1,12,2,15,5,17,23,"Dog, black-tailed prairie"
181,Jú,745,Dog african wild,2,12,4,12,0,10,3,76,26,"Dog, african wild"
182,Wá,288,Red deer,8,10,1,5,2,9,5,65,19,Red deer
183,Wá,643,Otter african clawless,42,14,2,12,0,11,1,21,18,"Otter, african clawless"
184,Eugénie,301,Helmeted guinea fowl,50,6,4,11,0,15,2,31,27,Helmeted guinea fowl
185,Stévina,829,Trumpeter swan,25,9,4,12,1,8,2,85,26,Trumpeter swan
186,Léana,233,Chimpanzee,26,5,1,4,4,13,4,42,16,Chimpanzee
187,Océanne,312,Eastern quoll,18,2,2,7,1,2,1,13,15,Eastern quoll
188,Noémie,790,Jabiru stork,30,1,5,7,0,8,1,61,17,Jabiru stork
189,Geneviève,756,White-bellied sea eagle,11,16,3,6,0,13,1,36,22,White-bellied sea eagle
190,Thérèse,109,Orca,13,5,1,7,3,13,3,58,28,Orca
191,Faîtes,844,Egyptian goose,6,14,1,4,3,8,3,55,4,Egyptian goose
192,Méryl,180,Tropical buckeye butterfly,47,10,4,7,4,14,1,22,12,Tropical buckeye butterfly
193,Åsa,548,Wallaby red-necked,49,5,4,11,4,20,4,27,27,"Wallaby, red-necked"
194,Chloé,884,Dusky rattlesnake,7,7,1,5,3,12,4,95,9,Dusky rattlesnake
195,Mélia,588,Dark-winged trumpeter,16,17,4,6,3,20,1,29,6,Dark-winged trumpeter
196,Célia,866,Moose,40,8,2,10,3,20,3,80,19,Moose
197,Aimée,5,Bald eagle,40,20,5,10,1,2,3,53,11,Bald eagle
198,Kévina,6,Python (unidentified),32,16,1,8,1,3,2,20,27,Python (unidentified)
199,Ráo,393,Red-shouldered glossy starling,23,17,2,6,3,17,1,11,11,Red-shouldered glossy starling
200,Yénora,399,Moorhen purple,31,10,2,4,2,12,5,42,9,"Moorhen, purple"
201,Josée,961,Anteater australian spiny,29,7,3,11,1,19,1,90,11,"Anteater, australian spiny"
202,Josée,17,Cow scottish highland,9,5,3,8,1,17,5,92,9,"Cow, scottish highland"
203,Almérinda,886,Native cat,26,20,5,8,3,5,5,4,24,Native cat
204,Bénédicte,246,Mourning collared dove,26,13,3,5,1,8,3,97,9,Mourning collared dove
205,Jú,401,Pelican brown,26,3,5,4,0,13,3,8,5,"Pelican, brown"
206,Åsa,740,Heron black-crowned night,2,15,1,4,3,15,2,93,19,"Heron, black-crowned night"
207,Eléa,38,Musk ox,27,14,1,12,0,17,5,94,16,Musk ox
208,Marylène,276,Heron gray,49,9,1,11,1,19,2,29,4,"Heron, gray"
209,Yáo,516,Turtle long-necked,40,7,1,12,4,19,5,20,25,"Turtle, long-necked"
210,Yè,304,Savannah deer,24,20,2,11,4,3,5,85,7,Savannah deer
211,Méghane,498,Blue and yellow macaw,21,10,1,9,4,10,3,61,30,Blue and yellow macaw
212,Táng,816,Manatee,13,19,4,5,3,3,3,28,23,Manatee
213,Léonie,428,Thrasher curve-billed,20,8,4,10,1,14,5,50,22,"Thrasher, curve-billed"
214,Garçon,551,Sloth pale-throated three-toed,14,6,3,8,4,10,2,14,23,"Sloth, pale-throated three-toed"
215,Gwenaëlle,446,Sun gazer,8,13,5,6,3,9,1,58,11,Sun gazer
216,Illustrée,101,Legaan water,26,17,4,4,4,14,4,38,19,"Legaan, water"
217,Méghane,112,Ibis sacred,26,5,2,4,1,2,4,32,10,"Ibis, sacred"
218,Mylène,860,Turkey vulture,3,14,2,6,1,16,5,16,10,Turkey vulture
219,Salomé,668,Crested barbet,4,18,1,7,1,17,2,94,17,Crested barbet
220,Béatrice,491,Chacma baboon,9,4,1,10,4,18,2,46,10,Chacma baboon
221,Åke,221,Asian openbill,44,18,1,4,2,19,2,100,0,Asian openbill
222,Pål,702,Crested bunting,12,4,5,12,4,11,1,55,21,Crested bunting
223,Pò,131,Blue and yellow macaw,18,18,1,11,0,8,5,87,9,Blue and yellow macaw
224,Audréanne,177,Golden-mantled ground squirrel,12,20,2,12,2,14,1,14,23,Golden-mantled ground squirrel
225,Athéna,294,Hoffman's sloth,42,8,5,8,3,5,5,66,20,Hoffman's sloth
226,Marie-ève,691,Clark's nutcracker,39,5,1,8,4,16,3,16,8,Clark's nutcracker
227,Célia,982,Black-tailed prairie dog,31,9,3,12,0,19,4,67,0,Black-tailed prairie dog
228,Lyséa,1,Blue-footed booby,12,13,5,10,2,9,1,61,23,Blue-footed booby
229,Yáo,665,Beaver european,34,18,4,11,1,11,2,90,8,"Beaver, european"
230,Desirée,211,Kite black,33,3,5,11,4,19,4,63,26,"Kite, black"
231,Mahélie,600,Masked booby,27,1,4,11,3,20,1,5,15,Masked booby
232,Gaëlle,747,Mongoose small indian,7,20,5,10,4,7,3,93,30,"Mongoose, small indian"
233,Yénora,929,Black bear,45,6,5,10,2,4,4,87,6,Black bear
234,Desirée,197,Goose spur-winged,4,1,4,9,0,17,1,39,18,"Goose, spur-winged"
235,Zoé,18,Black bear,9,18,5,6,2,7,3,97,13,Black bear
236,Mélanie,373,Snake tiger,28,16,1,11,3,17,5,85,20,"Snake, tiger"
237,Daphnée,192,Common green iguana,4,6,3,7,4,16,2,57,11,Common green iguana
238,Crééz,425,Sheathbill snowy,36,1,4,12,4,6,4,46,17,"Sheathbill, snowy"
239,Céline,192,Four-horned antelope,15,14,1,4,1,9,5,67,9,Four-horned antelope
240,Pål,749,Vervet monkey,19,17,3,8,0,1,2,88,2,Vervet monkey
241,Ruì,380,Puku,48,11,5,7,1,16,4,13,7,Puku
242,Maïté,864,Squirrel arctic ground,39,15,4,8,3,3,4,50,12,"Squirrel, arctic ground"
243,Fèi,953,Phascogale red-tailed,19,16,5,8,2,19,5,30,4,"Phascogale, red-tailed"
244,Eliès,942,Bandicoot short-nosed,32,2,3,12,3,14,2,30,11,"Bandicoot, short-nosed"
245,Véronique,162,Currasow (unidentified),2,20,1,11,4,12,2,41,6,Currasow (unidentified)
246,Clémentine,919,Stork openbill,38,11,1,4,0,12,4,52,24,"Stork, openbill"
247,Magdalène,582,Asian openbill,5,9,4,12,1,10,3,60,24,Asian openbill
248,Maëly,617,Otter brazilian,28,5,5,4,4,3,2,6,18,"Otter, brazilian"
249,Léonie,415,Vulture turkey,6,5,3,8,1,7,2,85,29,"Vulture, turkey"
250,Marie-josée,377,Heron green-backed,8,17,1,9,1,14,4,41,4,"Heron, green-backed"
251,Méng,313,Common mynah,13,20,5,12,3,9,4,31,16,Common mynah
252,Lyséa,960,African wild cat,16,1,1,4,3,14,1,79,19,African wild cat
253,Rachèle,420,Dusky gull,3,17,3,7,4,13,2,99,29,Dusky gull
254,Véronique,141,Porcupine indian,18,20,5,6,3,13,3,24,20,"Porcupine, indian"
255,Bérangère,99,Canadian tiger swallowtail butterfly,11,20,4,5,4,16,1,86,7,Canadian tiger swallowtail butterfly
256,Dafnée,666,Lion steller sea,19,17,1,7,4,10,4,10,18,"Lion, steller sea"
257,Lén,664,Egyptian cobra,4,6,1,12,2,8,1,80,12,Egyptian cobra
258,Ruò,411,Baboon chacma,19,16,5,10,2,15,2,29,17,"Baboon, chacma"
259,Audréanne,267,Cape raven,23,8,4,6,0,20,2,40,23,Cape raven
260,Léandre,950,Agama lizard (unidentified),15,15,1,12,0,10,1,17,4,Agama lizard (unidentified)
261,Séverine,399,Iguana land,39,20,4,7,2,19,1,72,9,"Iguana, land"
262,Agnès,798,Capybara,16,11,5,12,0,8,3,32,5,Capybara
263,Aí,776,Goat mountain,38,1,2,5,3,4,3,2,3,"Goat, mountain"
264,Réservés,366,Galapagos albatross,22,1,5,9,4,1,4,11,22,Galapagos albatross
265,Cécile,785,Cockatoo long-billed,34,15,3,9,3,14,1,16,0,"Cockatoo, long-billed"
266,Bérénice,91,Mongoose eastern dwarf,13,11,4,10,1,6,5,72,28,"Mongoose, eastern dwarf"
267,Yóu,591,Black-crowned night heron,46,8,3,8,1,8,4,57,5,Black-crowned night heron
268,Thérèse,866,Northern fur seal,12,20,5,7,2,1,3,86,2,Northern fur seal
269,Anaël,538,Silver gull,6,16,2,5,4,5,3,22,21,Silver gull
270,Dorothée,609,Tarantula,34,11,5,10,4,15,4,12,29,Tarantula
271,Léane,787,Sarus crane,22,15,4,6,1,1,4,94,29,Sarus crane
272,Lyséa,652,Coot red-knobbed,8,16,2,9,1,12,2,13,22,"Coot, red-knobbed"
273,Bécassine,846,Yellow-throated sandgrouse,1,2,4,4,0,10,4,15,23,Yellow-throated sandgrouse
274,Camélia,607,Nuthatch red-breasted,18,7,3,4,0,8,2,90,18,"Nuthatch, red-breasted"
275,Maëlyss,284,Violet-crested turaco,38,18,3,9,4,2,4,33,27,Violet-crested turaco
276,Séverine,934,Rattlesnake horned,26,6,4,4,1,18,2,56,4,"Rattlesnake, horned"
277,Eléa,413,Indian tree pie,10,19,2,5,3,3,4,39,24,Indian tree pie
278,Torbjörn,748,Tortoise galapagos,4,20,5,11,3,5,3,58,25,"Tortoise, galapagos"
279,Marie-josée,75,Snow goose,46,7,3,7,0,3,1,42,30,Snow goose
280,Örjan,640,Columbian rainbow boa,35,2,2,9,1,7,4,68,8,Columbian rainbow boa
281,Dorothée,187,Red-headed woodpecker,47,16,2,9,2,11,2,54,12,Red-headed woodpecker
282,Sélène,50,Vervet monkey,5,12,4,7,4,1,4,100,5,Vervet monkey
283,Yú,965,Goose snow,11,2,2,6,1,6,3,25,17,"Goose, snow"
284,Styrbjörn,338,Common wallaroo,43,10,5,10,0,20,5,33,16,Common wallaroo
285,Måns,442,Baboon gelada,12,16,2,12,3,6,1,42,15,"Baboon, gelada"
286,Gaïa,372,Dove mourning collared,32,17,4,9,3,9,5,11,13,"Dove, mourning collared"
287,Cléopatre,469,Common boubou shrike,32,19,1,6,4,9,1,73,13,Common boubou shrike
288,Fèi,292,Australian masked owl,15,9,3,11,3,4,1,47,1,Australian masked owl
289,Kù,871,Flying fox (unidentified),38,17,1,5,3,20,1,3,18,Flying fox (unidentified)
290,Adélaïde,265,Eastern white pelican,22,16,2,6,3,14,3,41,6,Eastern white pelican
291,Aimée,445,Deer spotted,22,14,4,6,2,17,4,77,23,"Deer, spotted"
292,Naëlle,594,Dusky rattlesnake,9,11,5,11,2,4,1,75,7,Dusky rattlesnake
293,Andrée,786,Golden jackal,4,12,1,9,3,5,5,13,8,Golden jackal
294,Fèi,61,Colobus magistrate black,19,10,3,8,1,15,4,34,29,"Colobus, magistrate black"
295,Léandre,948,Greater blue-eared starling,42,19,2,12,3,6,4,59,13,Greater blue-eared starling
296,Mén,811,Seal southern elephant,44,11,5,6,2,16,2,42,21,"Seal, southern elephant"
297,Lucrèce,269,Sambar,40,20,4,5,3,4,5,77,27,Sambar
298,Aurélie,130,Amazon parrot (unidentified),47,5,2,6,4,9,2,34,19,Amazon parrot (unidentified)
299,Táng,235,Southern sea lion,12,5,5,5,1,5,3,70,11,Southern sea lion
300,Styrbjörn,102,Eastern dwarf mongoose,19,7,4,5,4,13,1,38,30,Eastern dwarf mongoose
301,Dà,940,Snowy sheathbill,38,20,2,11,3,4,1,14,18,Snowy sheathbill
302,Desirée,61,Kiskadee great,17,20,5,9,0,4,2,81,7,"Kiskadee, great"
303,Marie-noël,571,Egret snowy,5,3,5,8,1,8,3,44,5,"Egret, snowy"
304,Béatrice,210,Bahama pintail,30,3,1,10,0,12,2,21,20,Bahama pintail
305,Mélinda,388,Kangaroo eastern grey,38,12,1,11,1,15,5,27,23,"Kangaroo, eastern grey"
306,Maëlle,232,Eastern cottontail rabbit,49,17,4,9,1,3,3,45,27,Eastern cottontail rabbit
307,Régine,653,Magnificent frigate bird,4,12,3,4,3,18,5,60,17,Magnificent frigate bird
308,Eléa,422,Dove mourning collared,5,18,1,7,3,12,5,95,14,"Dove, mourning collared"
309,Annotés,669,Giant otter,4,14,4,8,0,7,2,31,9,Giant otter
310,Judicaël,836,Dragon komodo,22,7,1,5,0,5,4,37,23,"Dragon, komodo"
311,Faîtes,617,American badger,12,3,3,7,0,6,2,95,8,American badger
312,Françoise,207,Vulture turkey,8,11,2,5,2,1,4,62,2,"Vulture, turkey"
313,Mégane,619,Crow pied,12,10,3,11,1,17,2,59,17,"Crow, pied"
314,Marie-josée,243,Rhinoceros white,22,8,3,7,1,12,1,58,20,"Rhinoceros, white"
315,Aimée,751,Cockatoo red-breasted,4,17,3,5,3,9,1,2,5,"Cockatoo, red-breasted"
316,Béatrice,230,Spotted wood sandpiper,43,13,2,10,2,15,2,34,23,Spotted wood sandpiper
317,Åke,38,Drongo fork-tailed,10,5,3,4,1,7,3,79,14,"Drongo, fork-tailed"
318,Estève,650,Green vine snake,26,14,3,4,1,2,4,32,8,Green vine snake
319,Ráo,406,Vicuna,2,3,4,9,3,4,1,32,26,Vicuna
320,Maïly,712,Grouse greater sage,41,7,4,5,3,20,1,24,15,"Grouse, greater sage"
321,Anaé,768,Lappet-faced vulture,7,4,3,6,3,12,1,68,5,Lappet-faced vulture
322,Océanne,117,Cobra cape,2,7,3,5,1,13,2,90,9,"Cobra, cape"
323,Tú,737,Old world fruit bat (unidentified),8,2,2,12,4,1,1,87,22,Old world fruit bat (unidentified)
324,Noëlla,85,Rhesus monkey,3,7,2,11,0,17,1,66,4,Rhesus monkey
325,Gaëlle,391,Quail gambel's,29,20,3,10,1,6,5,96,29,"Quail, gambel's"
326,Örjan,932,Black-fronted bulbul,29,15,2,7,4,15,5,61,24,Black-fronted bulbul
327,Ráo,126,Macaque japanese,17,11,3,12,4,9,5,72,1,"Macaque, japanese"
328,Åslög,350,Cat toddy,27,19,2,7,2,3,4,65,25,"Cat, toddy"
329,Géraldine,438,Eleven-banded armadillo (unidentified),7,13,4,6,0,2,1,84,15,Eleven-banded armadillo (unidentified)
330,Andréanne,598,Great white pelican,22,1,2,9,3,4,2,83,13,Great white pelican
331,Yénora,809,Caracara yellow-headed,36,19,5,12,2,5,4,3,1,"Caracara, yellow-headed"
332,Simplifiés,286,Vulture oriental white-backed,30,16,3,6,4,6,3,48,4,"Vulture, oriental white-backed"
333,Miléna,69,Mouflon,42,18,5,11,3,13,3,41,24,Mouflon
334,Loïca,278,Starling greater blue-eared,13,2,3,5,2,19,5,65,2,"Starling, greater blue-eared"
335,Aloïs,295,Buttermilk snake,46,20,5,11,3,13,5,23,15,Buttermilk snake
336,Yè,174,Lemming collared,15,11,5,6,3,12,5,46,12,"Lemming, collared"
337,Åsa,490,Raccoon common,32,17,2,9,4,11,4,86,6,"Raccoon, common"
338,Jú,725,Sambar,19,6,5,8,0,16,4,41,12,Sambar
339,Judicaël,996,Eagle owl (unidentified),18,14,5,4,0,1,5,75,10,Eagle owl (unidentified)
340,Médiamass,964,House sparrow,38,4,4,8,1,12,5,83,21,House sparrow
341,Hélèna,309,Griffon vulture,48,5,1,8,4,6,3,100,14,Griffon vulture
342,Rachèle,255,Grey heron,19,15,4,12,2,19,5,26,0,Grey heron
343,Maéna,216,Cook's tree boa,5,16,2,12,0,6,5,64,11,Cook's tree boa
344,Océanne,883,Chimpanzee,37,4,5,11,4,16,1,12,7,Chimpanzee
345,Pélagie,264,Feral rock pigeon,10,14,2,11,2,16,1,33,4,Feral rock pigeon
346,Sòng,221,Constrictor eastern boa,46,2,5,10,0,13,5,68,27,"Constrictor, eastern boa"
347,Göran,103,Alligator american,25,11,5,10,1,19,2,11,7,"Alligator, american"
348,Tú,821,Leadbeateri's ground hornbill,33,4,2,5,1,13,1,47,7,Leadbeateri's ground hornbill
349,Åsa,321,Black swan,32,10,3,10,3,3,1,16,27,Black swan
350,Léana,740,Dusky rattlesnake,13,7,3,9,3,12,4,66,22,Dusky rattlesnake
351,Céline,765,Lynx african,20,15,1,7,2,7,5,35,6,"Lynx, african"
352,Maéna,932,Grouse sage,3,19,4,4,1,11,3,62,3,"Grouse, sage"
353,Yè,155,Crocodile nile,13,9,4,7,3,1,4,71,16,"Crocodile, nile"
354,Célia,341,Jaguar,19,11,3,8,2,1,5,79,26,Jaguar
355,Mén,982,Goose spur-winged,12,8,1,11,3,10,2,61,10,"Goose, spur-winged"
356,Eléonore,944,Robin white-throated,17,8,5,7,2,13,2,39,9,"Robin, white-throated"
357,Simplifiés,895,Bear sloth,19,20,4,5,3,15,2,62,11,"Bear, sloth"
358,Maéna,75,Mongoose eastern dwarf,43,9,5,6,2,13,5,70,29,"Mongoose, eastern dwarf"
359,Célia,568,Cormorant little,35,11,3,8,4,7,3,18,13,"Cormorant, little"
360,Réjane,428,Grenadier purple,35,20,3,4,0,17,5,32,22,"Grenadier, purple"
361,Marie-françoise,919,Ocelot,34,5,2,7,1,13,5,27,0,Ocelot
362,Mahélie,831,White-necked stork,22,17,2,9,3,4,1,54,0,White-necked stork
363,Adélaïde,871,Common wombat,23,6,3,5,3,15,5,91,20,Common wombat
364,Agnès,157,Bateleur eagle,17,17,4,6,4,18,1,94,1,Bateleur eagle
365,Gérald,370,Skunk western spotted,13,8,3,10,3,2,2,100,29,"Skunk, western spotted"
366,Maïlys,378,Cormorant great,28,16,4,11,2,3,5,80,28,"Cormorant, great"
367,Gösta,861,Lion south american sea,20,4,2,11,0,11,3,15,19,"Lion, south american sea"
368,Chloé,95,Pig-tailed macaque,50,5,1,11,0,1,1,99,20,Pig-tailed macaque
369,Noëlla,930,Macaw red and blue,36,18,4,10,1,17,5,28,0,"Macaw, red and blue"
370,Torbjörn,29,Green heron,37,9,1,6,2,14,4,32,29,Green heron
371,Séverine,38,Heron gray,43,13,5,11,1,3,3,23,21,"Heron, gray"
372,Gösta,443,Banded mongoose,44,14,2,5,4,7,2,7,8,Banded mongoose
373,Méryl,163,Trotter lily,1,19,1,12,3,9,1,50,11,"Trotter, lily"
374,Séréna,208,Tenrec tailless,44,2,5,10,4,4,1,46,23,"Tenrec, tailless"
375,Laïla,287,Southern black-backed gull,49,19,4,11,0,14,4,5,8,Southern black-backed gull
376,Sélène,916,Cormorant neotropic,39,17,4,11,1,10,3,9,7,"Cormorant, neotropic"
377,Annotés,64,Common goldeneye,3,1,5,4,3,20,4,41,29,Common goldeneye
378,Cléopatre,308,African wild dog,17,10,3,7,4,15,3,38,15,African wild dog
379,Réservés,832,Red deer,5,10,5,9,4,13,1,87,8,Red deer
380,Åsa,878,Fisher,40,6,4,11,1,16,3,15,20,Fisher
381,Maëlann,594,Orca,37,3,5,11,1,19,3,99,8,Orca
382,Thérèsa,283,Magistrate black colobus,33,6,5,8,2,17,5,23,27,Magistrate black colobus
383,Séverine,183,Bushpig,34,13,4,4,3,4,1,84,14,Bushpig
384,Åke,480,Eastern white pelican,40,3,1,7,2,12,3,11,14,Eastern white pelican
385,Marie-noël,133,Hedgehog south african,1,17,1,11,4,1,2,14,21,"Hedgehog, south african"
386,Lorène,531,Bontebok,25,19,5,4,0,10,2,71,17,Bontebok
387,Thérèsa,182,Chameleon (unidentified),9,6,3,9,3,10,3,36,22,Chameleon (unidentified)
388,Frédérique,489,Goose spur-winged,30,2,1,9,3,10,5,66,15,"Goose, spur-winged"
389,Sélène,210,Marmot hoary,33,17,1,9,0,10,3,29,4,"Marmot, hoary"
390,Marie-thérèse,503,Boa cook's tree,24,13,2,11,1,2,2,99,2,"Boa, cook's tree"
391,Lén,533,Lizard giant girdled,16,14,1,7,1,8,3,21,30,"Lizard, giant girdled"
392,Mylène,92,Marabou stork,47,17,2,8,4,15,3,59,6,Marabou stork
393,Ruì,653,Wild boar,30,8,2,4,3,10,5,95,18,Wild boar
394,Salomé,103,Black-cheeked waxbill,38,19,3,5,1,12,5,25,2,Black-cheeked waxbill
395,Judicaël,393,Trumpeter dark-winged,34,11,1,9,1,2,5,83,12,"Trumpeter, dark-winged"
396,Lauréna,988,Flamingo chilean,41,2,4,6,1,19,2,37,14,"Flamingo, chilean"
397,Mélinda,663,Booby blue-faced,9,2,4,7,4,13,4,51,29,"Booby, blue-faced"
398,Clémence,439,Lesser masked weaver,16,13,5,6,1,7,5,20,13,Lesser masked weaver
399,Erwéi,169,Langur gray,47,12,1,6,4,2,1,74,11,"Langur, gray"
400,Loïca,575,Collared lemming,4,9,3,5,2,12,5,53,25,Collared lemming
401,Aurélie,292,Bleu red-cheeked cordon,48,8,3,12,4,17,4,24,22,"Bleu, red-cheeked cordon"
402,Aloïs,359,Green-backed heron,36,1,1,7,3,11,1,81,3,Green-backed heron
403,Almérinda,698,Bleu blue-breasted cordon,40,2,3,6,0,16,2,14,21,"Bleu, blue-breasted cordon"
404,Sélène,240,House sparrow,44,4,4,8,4,8,1,38,26,House sparrow
405,Marie-françoise,919,Rat arboral spiny,26,12,5,5,0,5,2,67,10,"Rat, arboral spiny"
406,Yè,947,Nilgai,38,19,4,6,3,1,5,77,13,Nilgai
407,Eugénie,281,Pied butcher bird,12,10,5,5,0,13,2,48,21,Pied butcher bird
408,Andrée,337,Tortoise burmese black mountain,35,18,1,7,0,9,1,68,18,"Tortoise, burmese black mountain"
409,Méline,459,Toucan white-throated,32,7,3,7,4,10,2,36,1,"Toucan, white-throated"
410,Desirée,76,Seal common,32,20,1,11,4,3,4,27,10,"Seal, common"
411,Séverine,174,Galapagos mockingbird,27,9,2,12,3,2,1,84,4,Galapagos mockingbird
412,Marie-hélène,292,Bontebok,1,15,5,11,1,13,3,46,13,Bontebok
413,Kallisté,566,Hoopoe eurasian,22,14,5,4,4,20,2,29,19,"Hoopoe, eurasian"
414,Marie-josée,739,Ring dove,49,10,2,4,0,9,1,79,3,Ring dove
415,Noëlla,419,Viper egyptian,44,4,1,4,1,11,2,97,19,"Viper, egyptian"
416,Mylène,263,Clark's nutcracker,27,5,2,12,0,9,3,6,25,Clark's nutcracker
417,Cinéma,407,Oriental short-clawed otter,47,18,5,5,1,5,1,36,11,Oriental short-clawed otter
418,Léa,497,Water monitor,50,2,1,4,4,12,3,26,30,Water monitor
419,Aurélie,227,Smith's bush squirrel,48,12,4,9,3,1,4,38,30,Smith's bush squirrel
420,Anaé,474,Fox pampa gray,7,2,3,6,1,9,3,79,27,"Fox, pampa gray"
421,Mélanie,342,Owl madagascar hawk,34,9,3,11,2,4,5,69,7,"Owl, madagascar hawk"
422,Marie-josée,392,Boa emerald green tree,8,2,1,5,0,20,4,45,21,"Boa, emerald green tree"
423,Andréa,309,Golden brush-tailed possum,49,12,3,11,3,7,4,93,4,Golden brush-tailed possum
424,Frédérique,906,Steller's sea lion,38,13,3,9,4,13,5,40,19,Steller's sea lion
425,Céline,939,Four-striped grass mouse,26,20,4,7,0,7,3,76,23,Four-striped grass mouse
426,Publicité,482,Scottish highland cow,9,11,5,9,2,19,4,26,27,Scottish highland cow
427,Maëlyss,350,Two-toed sloth,43,10,5,6,3,15,1,47,11,Two-toed sloth
428,Frédérique,233,Indian jackal,20,2,5,9,3,16,5,20,18,Indian jackal
429,Bérangère,183,Pallas's fish eagle,11,12,1,4,0,7,3,50,0,Pallas's fish eagle
430,Méghane,323,Squirrel thirteen-lined,29,10,4,12,4,16,3,82,23,"Squirrel, thirteen-lined"
431,Örjan,59,Tamandua southern,48,14,3,4,2,17,1,71,3,"Tamandua, southern"
432,Cloé,201,Chickadee black-capped,15,1,2,8,1,1,3,78,10,"Chickadee, black-capped"
433,Eugénie,283,Squirrel nelson ground,43,15,4,10,2,10,1,51,27,"Squirrel, nelson ground"
434,Lóng,323,Burchell's gonolek,32,3,2,6,0,16,4,56,9,Burchell's gonolek
435,Örjan,474,Cow scottish highland,37,12,2,7,2,16,1,19,0,"Cow, scottish highland"
436,Angélique,33,Waxbill violet-eared,13,7,5,8,0,19,3,4,7,"Waxbill, violet-eared"
437,Ráo,501,Booby blue-faced,45,18,2,9,3,20,2,3,20,"Booby, blue-faced"
438,Almérinda,776,Albatross waved,11,1,2,4,3,13,1,47,30,"Albatross, waved"
439,Françoise,945,African lion,38,11,4,7,2,8,4,50,30,African lion
440,Mélina,297,African snake (unidentified),30,5,4,12,2,18,3,72,8,African snake (unidentified)
441,Hélèna,239,Greater blue-eared starling,9,3,4,8,2,1,5,2,28,Greater blue-eared starling
442,Fèi,225,Common dolphin,10,11,3,5,1,20,2,69,17,Common dolphin
443,Clémence,935,Frilled lizard,7,15,2,12,0,20,4,73,7,Frilled lizard
444,Ophélie,67,Levaillant's barbet,29,17,5,8,1,18,1,48,30,Levaillant's barbet
445,Léa,294,Macaw red and blue,8,18,5,11,3,3,2,71,24,"Macaw, red and blue"
446,Laurélie,301,Duck blue,9,17,4,12,2,13,3,57,19,"Duck, blue"
447,Eliès,41,South American puma,50,14,4,12,3,6,2,31,6,South American puma
448,Aimée,940,Bunting crested,21,15,2,5,1,4,1,3,29,"Bunting, crested"
449,Stévina,745,Ring-necked pheasant,16,14,1,8,3,16,3,16,27,Ring-necked pheasant
450,Léana,689,Toddy cat,45,8,2,10,4,11,4,71,25,Toddy cat
451,Nadège,504,White-fronted capuchin,12,5,4,8,4,5,2,82,12,White-fronted capuchin
452,Céline,750,Little cormorant,32,6,4,12,0,8,5,25,23,Little cormorant
453,Måns,422,Crested screamer,37,7,5,5,4,17,3,27,28,Crested screamer
454,Valérie,707,Fox crab-eating,27,2,1,11,3,12,3,27,8,"Fox, crab-eating"
455,Maëlle,471,Robin white-throated,45,2,3,9,4,13,1,69,24,"Robin, white-throated"
456,Nadège,285,Cormorant king,26,11,5,9,3,14,5,92,2,"Cormorant, king"
457,Anaël,495,Blackbird red-winged,43,11,1,6,3,13,5,2,26,"Blackbird, red-winged"
458,Cécile,991,Dolphin striped,35,20,5,6,2,2,3,89,26,"Dolphin, striped"
459,Mårten,309,Koala,28,19,5,8,0,4,5,31,17,Koala
460,Maëly,224,Euro wallaby,5,4,5,11,0,2,3,87,19,Euro wallaby
461,Méryl,132,Roseat flamingo,29,11,4,11,3,6,4,57,2,Roseat flamingo
462,Magdalène,658,Dove rock,8,19,1,7,3,12,2,22,23,"Dove, rock"
463,Marie-françoise,974,Gray rhea,3,15,2,8,2,18,1,49,28,Gray rhea
464,Bérénice,153,Chital,28,12,1,8,4,2,2,23,17,Chital
465,Daphnée,517,Galapagos sea lion,46,14,1,5,4,4,3,28,11,Galapagos sea lion
466,Océane,624,Common wallaroo,45,19,1,4,2,8,4,79,15,Common wallaroo
467,Gérald,920,Common ringtail,6,12,5,9,3,16,5,44,27,Common ringtail
468,Nadège,818,Elephant asian,39,10,2,12,1,20,5,59,13,"Elephant, asian"
469,Sòng,901,Red-capped cardinal,23,11,1,4,0,18,3,59,2,Red-capped cardinal
470,André,481,Bustard stanley,33,16,5,12,2,15,2,73,21,"Bustard, stanley"
471,Naéva,468,Jackal silver-backed,17,18,1,5,4,10,4,63,9,"Jackal, silver-backed"
472,Léone,81,Bonnet macaque,8,1,5,8,3,1,3,70,6,Bonnet macaque
473,Nélie,255,Eagle bald,37,20,2,12,2,7,4,80,23,"Eagle, bald"
474,Bérénice,740,Sage hen,21,10,3,12,2,2,4,50,2,Sage hen
475,Cléa,42,Spur-winged goose,34,15,1,9,2,4,2,42,1,Spur-winged goose
476,Torbjörn,655,Squirrel eurasian red,35,6,1,12,2,9,2,78,6,"Squirrel, eurasian red"
477,Anaël,416,Caracal,28,14,5,5,1,12,5,53,18,Caracal
478,Maïly,800,Wallaby agile,44,2,1,6,3,12,1,87,1,"Wallaby, agile"
479,Cloé,381,Water legaan,45,9,5,10,3,6,5,80,11,Water legaan
480,Stévina,788,Galapagos dove,12,8,2,7,4,14,2,30,14,Galapagos dove
481,Andrée,999,Buffalo wild water,17,14,4,12,0,2,5,90,24,"Buffalo, wild water"
482,Eugénie,294,Corella long-billed,39,19,1,10,1,9,3,12,25,"Corella, long-billed"
483,Fèi,767,Parrot hawk-headed,16,19,2,5,0,11,3,68,16,"Parrot, hawk-headed"
484,Almérinda,591,Kinkajou,1,10,2,4,2,17,4,1,25,Kinkajou
485,Cunégonde,185,Crab-eating raccoon,25,20,1,8,0,16,2,52,4,Crab-eating raccoon
486,Eléonore,274,Eastern cottontail rabbit,15,4,3,10,2,19,4,30,9,Eastern cottontail rabbit
487,Marie-josée,930,Striped hyena,48,16,3,11,1,3,3,64,27,Striped hyena
488,Nuó,497,Falcon peregrine,33,11,4,4,0,19,3,81,10,"Falcon, peregrine"
489,Gwenaëlle,337,Yak,2,5,2,11,4,12,5,23,9,Yak
490,Loïca,998,Gecko bent-toed,20,4,5,5,3,7,4,60,14,"Gecko, bent-toed"
491,Salomé,686,Goanna lizard,39,20,1,11,0,20,2,51,24,Goanna lizard
492,Néhémie,356,Whip-tailed wallaby,27,14,4,10,3,17,3,56,29,Whip-tailed wallaby
493,Liè,914,California sea lion,27,18,4,6,4,2,1,30,12,California sea lion
494,Pélagie,401,Stork marabou,25,4,3,5,4,4,5,38,7,"Stork, marabou"
495,Zoé,144,White-browed sparrow weaver,6,19,3,11,3,11,3,55,26,White-browed sparrow weaver
496,Eloïse,571,White-throated toucan,31,4,4,7,3,1,5,52,7,White-throated toucan
497,Françoise,262,Ferruginous hawk,24,16,3,5,1,20,3,65,8,Ferruginous hawk
498,Marie-josée,520,Purple moorhen,30,9,2,5,1,17,1,10,25,Purple moorhen
499,Åsa,34,Vulture white-headed,35,16,5,5,0,7,1,5,24,"Vulture, white-headed"
500,Nuó,329,Crowned hawk-eagle,27,14,4,11,1,15,2,22,29,Crowned hawk-eagle
501,Fèi,384,Lesser mouse lemur,1,8,2,5,4,5,5,87,27,Lesser mouse lemur
502,Alizée,593,Cat toddy,49,16,2,6,2,13,5,43,1,"Cat, toddy"
503,Börje,154,Alpaca,23,3,1,9,4,17,4,79,24,Alpaca
504,Nadège,696,Dolphin bottle-nose,31,10,1,5,4,8,5,36,19,"Dolphin, bottle-nose"
505,Eléonore,458,Savanna baboon,22,11,1,4,0,9,5,43,26,Savanna baboon
506,Örjan,490,Duck comb,49,20,2,11,0,7,4,76,15,"Duck, comb"
507,Alizée,99,Roan antelope,35,15,5,11,0,17,1,72,28,Roan antelope
508,Kuí,267,Turkey vulture,29,19,5,4,3,4,4,91,18,Turkey vulture
509,Sélène,979,Horned lark,19,12,3,8,2,2,1,33,25,Horned lark
510,Thérèsa,522,African skink,41,14,1,11,0,14,1,88,21,African skink
511,Mà,531,Dove laughing,6,13,4,12,1,14,3,2,11,"Dove, laughing"
512,Séréna,170,Miner's cat,7,15,4,10,4,9,5,62,0,Miner's cat
513,Zoé,789,Pig-tailed macaque,16,12,4,9,1,12,3,9,23,Pig-tailed macaque
514,Aurélie,112,Bat-eared fox,25,12,1,8,4,7,2,23,3,Bat-eared fox
515,Sòng,945,African lynx,35,13,5,10,3,2,4,42,29,African lynx
516,Léandre,585,Stilt black-winged,5,16,1,10,2,19,4,2,10,"Stilt, black-winged"
517,Mélina,893,Sally lightfoot crab,24,11,2,9,4,18,5,59,20,Sally lightfoot crab
518,Audréanne,660,Collared lemming,36,2,1,11,2,7,2,56,27,Collared lemming
519,Estée,575,American bighorn sheep,7,5,4,12,4,14,5,3,28,American bighorn sheep
520,Intéressant,917,Bushbuck,10,17,5,11,2,2,3,9,6,Bushbuck
521,Marie-thérèse,692,Arctic lemming,47,9,4,5,4,2,5,65,2,Arctic lemming
522,Léana,596,Goose cape barren,20,14,5,10,0,19,2,34,27,"Goose, cape barren"
523,Andréa,287,Common green iguana,31,7,1,4,4,8,1,97,8,Common green iguana
524,Réservés,401,Dragon komodo,15,12,1,5,4,15,2,37,16,"Dragon, komodo"
525,Camélia,195,Long-necked turtle,50,18,5,9,2,5,3,56,15,Long-necked turtle
526,Maëlys,602,Bobcat,8,16,4,8,1,17,1,15,23,Bobcat
527,Cécilia,440,Lesser flamingo,40,17,3,6,4,19,2,50,13,Lesser flamingo
528,Håkan,148,Western grey kangaroo,27,12,1,10,0,11,2,38,10,Western grey kangaroo
529,Maëlys,798,Cat native,28,8,2,4,3,12,1,80,2,"Cat, native"
530,Léandre,948,Cormorant javanese,47,10,5,9,1,7,2,49,9,"Cormorant, javanese"
531,Garçon,337,Black-tailed prairie dog,45,5,3,8,1,17,2,72,3,Black-tailed prairie dog
532,Laurélie,189,Pampa gray fox,34,9,4,8,0,17,3,43,29,Pampa gray fox
533,Joséphine,200,Baboon chacma,19,9,3,6,3,1,2,89,13,"Baboon, chacma"
534,Marie-ève,918,Zorro common,1,10,3,7,2,13,3,50,24,"Zorro, common"
535,Görel,924,Green-backed heron,42,14,5,11,4,17,5,20,21,Green-backed heron
536,Naéva,754,Armadillo common long-nosed,41,6,2,5,3,11,4,66,18,"Armadillo, common long-nosed"
537,Josée,845,Crake african black,11,16,5,9,2,17,1,29,20,"Crake, african black"
538,Véronique,607,American woodcock,40,20,4,4,2,18,2,92,16,American woodcock
539,Maëly,229,Lion mountain,34,18,3,7,2,20,2,97,8,"Lion, mountain"
540,Yè,502,Egret snowy,46,11,4,6,4,15,2,67,9,"Egret, snowy"
541,Maïwenn,586,Deer spotted,47,1,2,12,1,20,5,73,11,"Deer, spotted"
542,Lóng,506,Burmese brown mountain tortoise,35,4,1,11,4,13,4,97,13,Burmese brown mountain tortoise
543,Aurélie,614,Lion south american sea,48,6,2,5,0,17,1,39,6,"Lion, south american sea"
544,Andrée,91,Malachite kingfisher,34,9,5,9,4,10,2,31,20,Malachite kingfisher
545,Aimée,909,Heron yellow-crowned night,21,1,4,5,2,12,4,50,25,"Heron, yellow-crowned night"
546,Cléa,26,Southern black-backed gull,4,10,1,11,0,18,2,18,14,Southern black-backed gull
547,Mén,461,Wallaby river,3,12,3,11,1,13,3,69,16,"Wallaby, river"
548,Yú,370,Red-necked phalarope,46,19,5,10,0,18,5,36,4,Red-necked phalarope
549,Cécilia,572,Gecko barking,6,1,3,9,2,6,1,14,15,"Gecko, barking"
550,Régine,258,Screamer crested,19,18,5,6,2,20,3,24,2,"Screamer, crested"
551,Aimée,276,Yellow baboon,40,8,5,4,3,11,5,58,25,Yellow baboon
552,Marie-ève,225,Mongoose banded,37,19,1,9,0,20,3,93,6,"Mongoose, banded"
553,Edmée,805,Cat miner's,36,9,4,6,2,11,1,8,8,"Cat, miner's"
554,Faîtes,288,Mountain lion,27,20,2,9,4,18,1,63,29,Mountain lion
555,Maï,827,Woolly-necked stork,33,3,4,6,4,9,5,68,18,Woolly-necked stork
556,Mahélie,334,Onager,42,12,2,5,1,3,1,84,11,Onager
557,Kù,341,Turkey wild,43,4,5,9,3,12,4,50,10,"Turkey, wild"
558,Marie-josée,965,Lion south american sea,6,3,1,6,0,14,3,29,7,"Lion, south american sea"
559,Bécassine,809,African buffalo,34,11,4,8,1,2,2,32,2,African buffalo
560,Maëly,928,Kingfisher pied,42,18,2,11,1,1,5,67,8,"Kingfisher, pied"
561,Mårten,192,Otter north american river,16,15,1,9,1,14,2,3,12,"Otter, north american river"
562,Céline,584,Squirrel eastern fox,29,18,5,6,0,3,5,61,4,"Squirrel, eastern fox"
563,Pélagie,829,Quoll eastern,26,11,2,4,1,19,3,36,12,"Quoll, eastern"
564,Geneviève,73,Dusky gull,3,6,3,9,1,13,1,22,1,Dusky gull
565,Eléonore,423,Rufous-collared sparrow,36,8,4,11,3,9,2,92,29,Rufous-collared sparrow
566,Géraldine,689,Bottle-nose dolphin,28,16,4,8,1,18,2,52,28,Bottle-nose dolphin
567,Jú,635,Cat miner's,26,15,4,4,4,17,3,1,30,"Cat, miner's"
568,Néhémie,715,Snake (unidentified),28,7,4,6,4,17,2,22,16,Snake (unidentified)
569,Méline,371,Arctic hare,16,17,1,9,1,8,5,90,17,Arctic hare
570,Dorothée,257,Goose cape barren,29,5,3,12,3,18,5,55,27,"Goose, cape barren"
571,Aurélie,976,Sifaka verreaux's,38,17,2,8,1,15,5,54,3,"Sifaka, verreaux's"
572,Börje,742,Eastern grey kangaroo,14,8,1,12,4,20,1,48,30,Eastern grey kangaroo
573,Marie-françoise,168,Greylag goose,26,4,4,10,3,10,2,79,13,Greylag goose
574,Félicie,257,Grant's gazelle,39,10,2,9,3,13,3,78,16,Grant's gazelle
575,Méthode,698,Frog (unidentified),18,13,3,11,3,14,5,62,13,Frog (unidentified)
576,Geneviève,218,Jabiru stork,2,2,2,12,4,9,2,96,27,Jabiru stork
577,Loïca,704,Heron green-backed,19,13,1,12,2,18,1,51,18,"Heron, green-backed"
578,Méng,431,Quoll eastern,16,11,4,9,4,3,4,76,12,"Quoll, eastern"
579,Naéva,446,Wombat common,25,7,1,8,2,2,2,69,11,"Wombat, common"
580,Torbjörn,657,Bushbaby large-eared,7,2,1,7,4,2,2,54,18,"Bushbaby, large-eared"
581,Eléa,578,Comb duck,9,14,3,12,0,7,3,52,14,Comb duck
582,Naëlle,451,Marmot yellow-bellied,20,11,1,6,3,2,3,89,3,"Marmot, yellow-bellied"
583,Médiamass,31,Beaver north american,37,12,1,10,2,9,4,90,22,"Beaver, north american"
584,Maéna,398,Lizard collared,27,6,2,6,1,11,3,61,27,"Lizard, collared"
585,Stéphanie,81,Scottish highland cow,13,1,4,4,1,4,4,87,7,Scottish highland cow
586,Angélique,930,Snake buttermilk,16,2,5,5,0,2,2,24,8,"Snake, buttermilk"
587,Sòng,49,Magpie australian,6,14,4,6,1,14,2,96,21,"Magpie, australian"
588,Athéna,714,Topi,16,19,5,5,2,8,2,60,14,Topi
589,Clélia,547,Black-faced kangaroo,50,2,2,10,2,18,5,10,1,Black-faced kangaroo
590,Mà,361,Spotted hyena,3,2,2,5,1,6,3,97,2,Spotted hyena
591,Béatrice,5,Cockatoo slender-billed,26,17,4,4,4,19,1,26,26,"Cockatoo, slender-billed"
592,Yóu,60,Leopard indian,31,7,4,8,1,20,1,84,24,"Leopard, indian"
593,Gaétane,212,Egyptian goose,29,18,2,5,1,4,4,42,4,Egyptian goose
594,Geneviève,11,Tree porcupine,13,2,1,6,0,15,4,43,1,Tree porcupine
595,Naëlle,776,Ring-tailed possum,37,10,4,4,0,9,1,71,0,Ring-tailed possum
596,Fèi,725,Green-winged macaw,9,15,4,5,3,14,4,28,17,Green-winged macaw
597,Lucrèce,445,Otter giant,10,9,2,7,1,13,5,56,17,"Otter, giant"
598,Ophélie,5,Mule deer,3,11,4,11,0,13,2,21,12,Mule deer
599,Magdalène,817,Red-legged pademelon,21,9,5,11,4,12,5,29,1,Red-legged pademelon
600,Pélagie,15,Dog raccoon,5,6,3,4,2,4,2,100,1,"Dog, raccoon"
601,Irène,698,Aardwolf,28,13,3,6,2,13,5,55,16,Aardwolf
602,Eugénie,271,Vulture white-rumped,2,4,2,10,3,19,3,9,18,"Vulture, white-rumped"
603,Erwéi,90,Porcupine prehensile-tailed,43,6,1,4,2,6,2,54,5,"Porcupine, prehensile-tailed"
604,Audréanne,499,Southern right whale,9,16,3,8,2,7,5,2,11,Southern right whale
605,Mélanie,785,Kinkajou,40,12,1,5,3,12,4,40,27,Kinkajou
606,Lucrèce,317,Dove little brown,3,10,1,12,2,3,2,72,19,"Dove, little brown"
607,Andréanne,365,African darter,31,17,1,9,2,4,2,24,26,African darter
608,Mélinda,117,Quoll spotted-tailed,36,15,4,9,1,5,3,23,5,"Quoll, spotted-tailed"
609,Clélia,822,Savannah deer (unidentified),4,16,3,6,2,15,3,42,26,Savannah deer (unidentified)
610,Adélie,362,Porcupine crested,8,8,4,7,3,12,3,89,26,"Porcupine, crested"
611,Gisèle,393,Pigeon feral rock,25,1,2,12,3,1,5,56,9,"Pigeon, feral rock"
612,Noémie,410,Cat toddy,22,9,5,7,4,18,4,28,19,"Cat, toddy"
613,Görel,124,White-tailed deer,39,6,5,10,4,10,4,77,11,White-tailed deer
614,Estée,804,Hawk-eagle crowned,2,19,2,7,0,12,4,41,25,"Hawk-eagle, crowned"
615,Sòng,627,Crab-eating raccoon,15,9,4,4,3,6,3,69,5,Crab-eating raccoon
616,Marie-thérèse,596,Gull kelp,41,20,1,10,0,16,2,67,4,"Gull, kelp"
617,Maëlle,482,Gorilla western lowland,18,15,3,11,3,7,2,23,0,"Gorilla, western lowland"
618,Régine,352,Greater kudu,31,13,5,9,3,11,2,48,18,Greater kudu
619,Anaé,186,Pelican brown,21,19,3,8,0,9,4,8,4,"Pelican, brown"
620,Publicité,468,Galapagos dove,29,14,1,5,0,15,2,6,11,Galapagos dove
621,Rébecca,177,Frilled dragon,41,14,5,11,3,11,5,64,28,Frilled dragon
622,Cunégonde,897,Cockatoo red-breasted,7,17,3,4,3,11,3,53,0,"Cockatoo, red-breasted"
623,Thérèse,506,Bird secretary,23,3,4,9,3,5,4,56,28,"Bird, secretary"
624,Méng,141,Bennett's wallaby,48,2,5,6,4,12,3,37,16,Bennett's wallaby
625,Ophélie,329,White-fronted capuchin,12,7,1,5,1,5,1,27,21,White-fronted capuchin
626,Cloé,723,Australian brush turkey,11,15,3,4,0,1,3,80,6,Australian brush turkey
627,Vénus,954,Tern arctic,38,18,2,7,4,2,3,72,28,"Tern, arctic"
628,Miléna,819,Deer roe,23,17,4,8,2,13,3,92,4,"Deer, roe"
629,Béatrice,453,Baboon yellow,31,20,1,10,0,16,3,17,16,"Baboon, yellow"
630,Loïca,920,Dusky gull,10,10,3,5,4,17,4,91,18,Dusky gull
631,Lorène,266,Squirrel richardson's ground,36,20,1,10,2,2,3,21,23,"Squirrel, richardson's ground"
632,Valérie,973,North American red fox,25,15,5,11,1,17,3,32,8,North American red fox
633,Cloé,133,Sloth two-toed,18,4,1,9,4,9,5,56,0,"Sloth, two-toed"
634,Geneviève,239,Pheasant common,18,17,3,6,3,3,5,40,1,"Pheasant, common"
635,Ruì,243,Black and white colobus,33,2,4,8,2,4,2,100,2,Black and white colobus
636,Maëly,662,Sea birds (unidentified),47,12,1,5,3,12,2,95,8,Sea birds (unidentified)
637,Gösta,209,Hummingbird (unidentified),46,11,1,11,2,19,3,77,12,Hummingbird (unidentified)
638,Ophélie,720,Cat native,41,19,1,12,0,4,3,34,1,"Cat, native"
639,Rébecca,367,Blackbird red-winged,33,11,2,7,2,16,2,100,25,"Blackbird, red-winged"
640,Miléna,891,Dog bush,47,5,4,11,3,9,5,69,11,"Dog, bush"
641,Björn,701,Sloth pale-throated three-toed,14,16,3,12,2,5,5,58,14,"Sloth, pale-throated three-toed"
642,Maïwenn,497,Legaan ground,42,9,5,10,3,19,3,74,25,"Legaan, ground"
643,Mahélie,943,Kangaroo brush-tailed rat,44,18,2,8,4,14,4,20,24,"Kangaroo, brush-tailed rat"
644,Aloïs,293,Asian false vampire bat,44,4,3,4,4,19,5,12,9,Asian false vampire bat
645,Åslög,521,Rhinoceros black,30,15,3,5,0,1,1,34,5,"Rhinoceros, black"
646,Noémie,508,Cape Barren goose,34,12,4,11,2,11,2,25,21,Cape Barren goose
647,Göran,461,Indian tree pie,7,3,4,8,4,6,3,8,14,Indian tree pie
648,Börje,603,Pygmy possum,32,19,4,5,0,16,3,30,15,Pygmy possum
649,Solène,507,Raccoon crab-eating,13,19,1,10,0,8,4,5,18,"Raccoon, crab-eating"
650,André,245,Common waterbuck,41,11,4,9,1,8,1,58,9,Common waterbuck
651,Maïly,978,Red phalarope,49,19,2,4,4,16,2,92,4,Red phalarope
652,Anaïs,315,Scottish highland cow,28,7,2,6,4,15,3,37,26,Scottish highland cow
653,Ruò,108,Green-winged macaw,20,7,5,6,0,4,1,31,11,Green-winged macaw
654,Méghane,379,Caracara (unidentified),37,7,5,4,0,16,4,93,27,Caracara (unidentified)
655,Léonie,199,Euro wallaby,24,4,5,4,4,6,5,66,11,Euro wallaby
656,Nuó,167,Red-tailed phascogale,3,4,5,12,0,17,3,15,27,Red-tailed phascogale
657,Maïté,88,Raccoon crab-eating,16,17,5,12,3,2,2,81,28,"Raccoon, crab-eating"
658,Maëlann,198,Squirrel smith's bush,35,9,5,4,4,7,1,42,18,"Squirrel, smith's bush"
659,Méthode,794,Tailless tenrec,46,5,5,4,2,16,5,67,26,Tailless tenrec
660,Solène,445,Red and blue macaw,29,20,2,9,2,17,5,43,20,Red and blue macaw
661,Aimée,856,Woodrat (unidentified),23,11,1,7,2,5,1,30,7,Woodrat (unidentified)
662,Yóu,939,Bulbul black-fronted,14,20,3,11,1,18,2,24,13,"Bulbul, black-fronted"
663,Stévina,282,Galapagos dove,8,15,1,9,0,14,1,16,0,Galapagos dove
664,Adélaïde,877,Sambar,16,17,1,7,3,17,1,99,6,Sambar
665,Sélène,365,Racer american,41,16,2,11,0,17,2,53,24,"Racer, american"
666,Rachèle,15,Fox grey,46,1,4,12,1,3,5,41,12,"Fox, grey"
667,Léonie,465,Trumpeter dark-winged,11,8,3,9,3,16,4,61,19,"Trumpeter, dark-winged"
668,Tú,537,Eurasian beaver,5,1,2,9,1,1,1,55,29,Eurasian beaver
669,Marie-noël,438,Mississippi alligator,49,17,4,10,4,16,5,81,16,Mississippi alligator
670,Anaé,700,White-winged dove,38,2,3,7,1,2,3,98,1,White-winged dove
671,Yénora,476,European badger,2,14,4,7,0,20,3,92,4,European badger
672,Geneviève,803,Cow scottish highland,1,8,3,11,0,1,5,76,0,"Cow, scottish highland"
673,Vénus,258,Common langur,7,14,3,12,4,7,1,17,26,Common langur
674,Cinéma,38,Indian tree pie,35,20,3,12,4,3,5,63,11,Indian tree pie
675,Adélie,978,Kafue flats lechwe,25,6,1,5,2,5,1,51,7,Kafue flats lechwe
676,Mélia,262,American badger,15,5,5,4,1,15,4,82,10,American badger
677,Réjane,753,Penguin magellanic,21,10,5,11,1,11,4,40,7,"Penguin, magellanic"
678,Maëlla,323,Banded mongoose,34,19,3,10,4,18,2,48,3,Banded mongoose
679,Dà,854,Scaly-breasted lorikeet,29,16,1,10,3,7,3,95,11,Scaly-breasted lorikeet
680,Stéphanie,168,Lizard collared,16,1,2,6,2,13,5,77,26,"Lizard, collared"
681,Maïlis,138,Whale southern right,10,15,5,9,4,11,2,53,22,"Whale, southern right"
682,Judicaël,201,Beaver eurasian,14,20,2,8,1,11,2,73,22,"Beaver, eurasian"
683,Jú,277,Black-backed magpie,37,14,4,12,4,2,1,33,11,Black-backed magpie
684,Médiamass,330,Colobus black and white,44,2,4,10,1,13,3,39,22,"Colobus, black and white"
685,Gaétane,291,Devil tasmanian,6,8,4,6,3,13,5,28,28,"Devil, tasmanian"
686,Néhémie,293,Egret cattle,15,15,3,9,3,17,2,47,14,"Egret, cattle"
687,Mégane,679,Nuthatch red-breasted,39,9,3,7,4,12,5,24,14,"Nuthatch, red-breasted"
688,Pò,475,Numbat,18,18,5,11,0,10,5,33,30,Numbat
689,Estée,229,Buffalo asian water,20,8,2,5,4,15,5,56,3,"Buffalo, asian water"
690,Clémentine,724,Sloth two-toed tree,23,4,2,9,1,8,2,52,12,"Sloth, two-toed tree"
691,Chloé,711,Jabiru stork,31,2,4,9,0,15,3,59,18,Jabiru stork
692,Magdalène,157,Grenadier common,38,5,4,6,3,13,5,8,17,"Grenadier, common"
693,Frédérique,580,Spurfowl yellow-necked,1,13,3,8,3,2,2,53,10,"Spurfowl, yellow-necked"
694,Åke,353,Crocodile nile,7,20,5,9,2,20,3,81,13,"Crocodile, nile"
695,Maïly,350,Cormorant king,44,7,1,9,4,1,4,70,11,"Cormorant, king"
696,Marie-françoise,27,Pallas's fish eagle,23,14,1,5,2,4,5,43,17,Pallas's fish eagle
697,Pélagie,172,Mocking cliffchat,12,8,5,7,3,8,1,33,13,Mocking cliffchat
698,Wá,574,Squirrel european red,35,8,4,9,2,17,5,46,7,"Squirrel, european red"
699,Yénora,367,Common rhea,42,16,1,12,2,20,3,37,5,Common rhea
700,Gwenaëlle,992,Devil tasmanian,6,20,4,8,3,4,4,64,16,"Devil, tasmanian"
701,Zoé,634,Black-crowned night heron,35,1,1,10,2,4,2,75,11,Black-crowned night heron
702,Josée,289,African fish eagle,43,9,1,9,0,15,1,8,9,African fish eagle
703,Kù,888,Coqui francolin,3,16,4,9,1,10,5,28,13,Coqui francolin
704,Athéna,770,Sunbird lesser double-collared,20,16,3,12,2,1,4,90,17,"Sunbird, lesser double-collared"
705,Amélie,116,King cormorant,38,6,2,4,2,6,2,63,21,King cormorant
706,Zoé,671,Red-knobbed coot,14,18,5,10,2,1,5,54,5,Red-knobbed coot
707,Dafnée,615,South American meadowlark (unidentified),24,12,4,11,1,15,5,74,20,South American meadowlark (unidentified)
708,Bérangère,966,Ibis glossy,8,5,2,4,2,17,5,20,5,"Ibis, glossy"
709,Vérane,155,Eurasian beaver,33,8,1,10,0,12,5,81,6,Eurasian beaver
710,Jú,244,Oryx beisa,7,3,1,12,0,15,1,20,15,"Oryx, beisa"
711,Maëline,815,Rhea common,21,3,3,8,1,2,3,32,26,"Rhea, common"
712,Hélèna,393,Ferruginous hawk,12,1,3,4,1,12,5,84,30,Ferruginous hawk
713,Ruì,90,Black swan,21,15,4,10,1,12,1,97,1,Black swan
714,Irène,436,Malachite kingfisher,47,17,5,6,3,15,5,84,20,Malachite kingfisher
715,Noémie,491,Galapagos penguin,35,10,5,12,1,7,1,61,14,Galapagos penguin
716,Méryl,597,Sandpiper spotted wood,50,16,3,6,2,19,1,42,0,"Sandpiper, spotted wood"
717,Kuí,363,Ring-tailed coatimundi,6,19,3,12,2,6,3,38,6,Ring-tailed coatimundi
718,Erwéi,716,Wolf mexican,30,1,4,6,3,2,2,60,5,"Wolf, mexican"
719,Cunégonde,911,Parrot hawk-headed,30,5,5,10,1,3,5,78,21,"Parrot, hawk-headed"
720,Sòng,573,Monkey black spider,37,4,4,10,2,18,4,26,14,"Monkey, black spider"
721,Estève,348,Impala,16,3,3,9,4,13,3,12,25,Impala
722,Bérénice,821,Herring gull,7,20,1,10,1,11,3,34,6,Herring gull
723,Estée,796,Wallaby dama,31,18,5,7,3,6,4,71,3,"Wallaby, dama"
724,Maëlann,666,Horned puffin,35,18,5,6,2,10,3,47,22,Horned puffin
725,Styrbjörn,371,Sandgrouse yellow-throated,28,19,1,12,4,5,5,49,24,"Sandgrouse, yellow-throated"
726,Gwenaëlle,10,Brown pelican,22,1,5,11,4,10,5,37,20,Brown pelican
727,Agnès,779,Tortoise indian star,23,15,2,12,3,10,3,79,20,"Tortoise, indian star"
728,Hélèna,807,Cockatoo slender-billed,38,14,5,8,3,8,1,1,21,"Cockatoo, slender-billed"
729,Maëlle,377,Turkey wild,15,4,3,9,2,5,3,6,16,"Turkey, wild"
730,Marie-thérèse,91,Prehensile-tailed porcupine,12,10,1,6,4,3,2,4,30,Prehensile-tailed porcupine
731,Erwéi,814,Black-capped capuchin,9,4,2,9,2,3,3,56,10,Black-capped capuchin
732,Faîtes,445,Whale killer,14,18,1,6,3,13,2,59,20,"Whale, killer"
733,Cloé,537,Brazilian otter,29,16,1,12,4,16,5,4,17,Brazilian otter
734,Björn,593,Starfish crown of thorns,46,6,2,5,4,18,5,52,4,"Starfish, crown of thorns"
735,Vénus,818,Antechinus brown,16,5,2,9,0,20,3,69,28,"Antechinus, brown"
736,Océanne,294,Red lava crab,32,8,1,4,2,7,2,81,8,Red lava crab
737,Aloïs,136,Dama wallaby,41,8,5,11,4,12,2,63,4,Dama wallaby
738,Maëlyss,583,Deer swamp,11,15,5,7,2,10,2,100,20,"Deer, swamp"
739,Méthode,817,Porcupine tree,2,2,3,6,2,15,5,46,12,"Porcupine, tree"
740,Athéna,83,Fowl helmeted guinea,22,8,4,8,0,9,4,17,9,"Fowl, helmeted guinea"
741,Maïté,489,Australian pelican,18,20,2,6,4,17,4,10,12,Australian pelican
742,Ophélie,670,Red-tailed phascogale,18,2,4,10,2,16,1,13,29,Red-tailed phascogale
743,Aimée,101,Tortoise burmese brown mountain,21,10,1,11,1,1,4,54,25,"Tortoise, burmese brown mountain"
744,Bérengère,502,King cormorant,22,4,4,9,1,17,2,21,25,King cormorant
745,Néhémie,274,Drongo fork-tailed,43,18,4,7,1,11,1,77,3,"Drongo, fork-tailed"
746,Frédérique,158,Kongoni,18,5,5,6,4,16,5,98,20,Kongoni
747,Clélia,928,Horned lark,19,19,4,9,0,4,3,31,28,Horned lark
748,Maëly,920,Cape Barren goose,4,18,1,5,2,17,1,2,13,Cape Barren goose
749,Simplifiés,389,Blackish oystercatcher,41,16,3,10,4,4,1,36,16,Blackish oystercatcher
750,Noëlla,664,Hanuman langur,12,10,5,5,0,15,2,38,27,Hanuman langur
751,Cléa,913,Macaw green-winged,11,12,5,6,0,12,2,2,13,"Macaw, green-winged"
752,Marie-thérèse,752,Starling red-shouldered glossy,38,7,1,6,2,4,1,46,19,"Starling, red-shouldered glossy"
753,Frédérique,615,Platypus,15,17,3,7,2,6,3,85,8,Platypus
754,Åslög,89,Jackal asiatic,38,13,2,12,2,16,1,3,23,"Jackal, asiatic"
755,Naéva,412,Jackal black-backed,6,9,1,6,3,3,3,51,9,"Jackal, black-backed"
756,Dorothée,653,African porcupine,7,11,3,8,4,14,4,3,4,African porcupine
757,Zhì,842,Falcon prairie,41,19,4,5,2,17,1,62,20,"Falcon, prairie"
758,Mahélie,859,Blue-tongued lizard,50,19,3,12,0,2,1,75,8,Blue-tongued lizard
759,Mélanie,937,Bandicoot long-nosed,2,20,4,11,2,9,2,5,13,"Bandicoot, long-nosed"
760,Mahélie,883,Gull kelp,45,2,2,10,2,8,5,89,14,"Gull, kelp"
761,Clélia,925,Kangaroo black-faced,44,10,4,8,4,20,1,19,14,"Kangaroo, black-faced"
762,Marie-noël,396,Wallaby whip-tailed,29,20,4,4,2,7,4,40,4,"Wallaby, whip-tailed"
763,Bécassine,964,African wild cat,45,14,1,8,1,14,2,20,5,African wild cat
764,Liè,550,Collared peccary,25,5,3,11,0,2,5,61,4,Collared peccary
765,Eugénie,127,Eastern indigo snake,14,6,5,12,1,15,2,3,1,Eastern indigo snake
766,Angèle,473,Laughing kookaburra,23,10,2,6,2,17,1,91,29,Laughing kookaburra
767,Mylène,94,Bennett's wallaby,48,4,2,10,4,19,2,99,7,Bennett's wallaby
768,Méthode,306,Devil tasmanian,19,17,4,11,4,9,1,35,8,"Devil, tasmanian"
769,Publicité,400,Weaver lesser masked,9,10,5,10,1,13,3,70,27,"Weaver, lesser masked"
770,Lauréna,618,Racer blue,20,3,2,7,2,10,1,46,30,"Racer, blue"
771,Réservés,265,Spoonbill european,41,16,5,11,2,9,2,18,13,"Spoonbill, european"
772,Laïla,630,White-throated monitor,15,3,1,8,3,19,5,80,5,White-throated monitor
773,Sòng,167,Dolphin bottle-nose,39,20,1,11,3,1,3,64,18,"Dolphin, bottle-nose"
774,Gaïa,176,Little blue penguin,48,2,5,6,4,14,4,100,17,Little blue penguin
775,Esbjörn,42,White-winged tern,23,10,2,4,4,13,2,36,29,White-winged tern
776,Dorothée,114,Australian spiny anteater,9,20,5,4,3,7,5,57,21,Australian spiny anteater
777,Béatrice,518,Macaw green-winged,28,1,2,5,2,7,5,17,0,"Macaw, green-winged"
778,Wá,874,Tammar wallaby,41,1,4,7,3,13,1,60,14,Tammar wallaby
779,Cléa,139,Porcupine crested,50,14,3,12,0,8,2,57,22,"Porcupine, crested"
780,Börje,317,Woylie,48,15,2,5,2,11,3,56,15,Woylie
781,Méng,323,Dabchick,43,19,5,6,2,2,4,48,16,Dabchick
782,Mén,554,Crab red lava,39,2,1,6,1,5,4,62,3,"Crab, red lava"
783,Léane,169,Monkey vervet,27,2,2,10,4,1,5,26,29,"Monkey, vervet"
784,Ruì,301,Helmeted guinea fowl,21,8,1,10,1,3,2,26,26,Helmeted guinea fowl
785,Edmée,93,Sloth hoffman's,11,11,2,9,3,6,2,63,21,"Sloth, hoffman's"
786,Marie-thérèse,244,Gull dusky,49,20,4,5,4,8,2,61,20,"Gull, dusky"
787,Irène,440,Lemur grey mouse,35,14,3,8,1,7,2,81,22,"Lemur, grey mouse"
788,Torbjörn,345,Wallaby tammar,3,1,3,11,2,10,5,75,29,"Wallaby, tammar"
789,Åsa,405,Francolin swainson's,17,10,1,8,3,15,3,48,23,"Francolin, swainson's"
790,Judicaël,472,Macaque rhesus,11,7,1,9,1,6,4,2,23,"Macaque, rhesus"
791,Réservés,352,Genet small-spotted,20,18,2,8,3,11,2,94,12,"Genet, small-spotted"
792,Zoé,568,Turtle snake-necked,48,9,4,4,3,14,5,12,19,"Turtle, snake-necked"
793,Bérengère,385,Feral rock pigeon,20,18,1,4,4,5,1,13,23,Feral rock pigeon
794,Gaïa,367,Beisa oryx,20,6,1,10,3,20,5,68,29,Beisa oryx
795,Lén,64,Squirrel eurasian red,48,14,3,4,3,18,1,80,22,"Squirrel, eurasian red"
796,Maëlle,900,Gull dusky,34,13,2,4,4,20,2,19,11,"Gull, dusky"
797,Táng,533,Asian water buffalo,14,12,4,5,4,7,2,75,13,Asian water buffalo
798,Håkan,586,Bald eagle,7,10,3,6,2,15,4,11,17,Bald eagle
799,Estée,218,Armadillo seven-banded,36,4,2,10,0,9,3,39,8,"Armadillo, seven-banded"
800,Océanne,75,Swallow (unidentified),35,18,1,6,3,5,3,46,6,Swallow (unidentified)
801,Solène,47,Cat toddy,49,10,4,7,0,14,5,55,25,"Cat, toddy"
802,Fèi,470,Alligator mississippi,36,12,4,8,4,17,2,5,28,"Alligator, mississippi"
803,Méline,614,Stick insect,12,5,1,6,4,20,4,12,4,Stick insect
804,Bécassine,929,Pheasant ring-necked,18,20,3,4,1,15,3,97,1,"Pheasant, ring-necked"
805,Bérénice,293,Scottish highland cow,23,3,3,6,3,14,3,3,11,Scottish highland cow
806,Ruò,872,Giant heron,9,1,5,8,1,16,2,49,14,Giant heron
807,Noëlla,467,Francolin swainson's,41,15,3,11,1,12,2,5,27,"Francolin, swainson's"
808,Joséphine,673,Weaver chestnut,2,8,5,9,2,5,1,16,21,"Weaver, chestnut"
809,Maï,242,Rhinoceros white,35,17,1,6,2,8,5,65,24,"Rhinoceros, white"
810,Méng,712,Water monitor,3,18,4,9,3,11,4,60,30,Water monitor
811,Mélinda,972,Echidna short-beaked,37,2,1,4,4,10,1,5,16,"Echidna, short-beaked"
812,Géraldine,178,Lapwing southern,41,15,4,11,3,16,3,70,14,"Lapwing, southern"
813,Nadège,120,Nile crocodile,29,6,3,4,4,4,3,15,27,Nile crocodile
814,Adèle,98,Stork european,2,14,2,8,2,18,3,69,9,"Stork, european"
815,Östen,950,Greater flamingo,23,20,3,10,3,17,2,25,1,Greater flamingo
816,Dù,676,Small-clawed otter,13,16,5,9,1,13,4,38,21,Small-clawed otter
817,Simplifiés,827,Admiral indian red,41,11,4,8,0,19,2,16,25,"Admiral, indian red"
818,Marie-ève,492,Boa cook's tree,7,6,2,7,3,7,1,91,4,"Boa, cook's tree"
819,Léone,702,Grison,32,11,4,11,1,13,3,50,1,Grison
820,Anaïs,65,Mouse four-striped grass,39,6,2,5,0,17,5,91,19,"Mouse, four-striped grass"
821,Desirée,828,Flycatcher tyrant,22,17,5,10,2,16,1,93,9,"Flycatcher, tyrant"
822,Edmée,352,Cat miner's,6,8,1,8,4,19,5,96,23,"Cat, miner's"
823,Magdalène,154,Bandicoot short-nosed,33,14,4,5,3,8,4,77,21,"Bandicoot, short-nosed"
824,Publicité,301,Wallaby agile,23,14,2,7,0,14,1,25,7,"Wallaby, agile"
825,Anaël,737,Large-eared bushbaby,8,4,4,12,3,17,1,78,7,Large-eared bushbaby
826,Maéna,412,Kelp gull,22,16,2,10,4,6,3,92,17,Kelp gull
827,Marie-josée,506,Snowy owl,14,7,2,10,3,18,5,75,24,Snowy owl
828,Adèle,988,Kiskadee great,23,10,4,7,1,17,5,77,3,"Kiskadee, great"
829,Adélie,778,Red howler monkey,29,5,4,5,1,17,5,47,17,Red howler monkey
830,Andréanne,470,Red-breasted cockatoo,6,9,3,9,3,7,3,90,18,Red-breasted cockatoo
831,Vénus,548,Peacock blue,1,1,5,6,4,14,4,11,13,"Peacock, blue"
832,Réjane,161,Raven white-necked,18,19,3,10,3,12,3,86,5,"Raven, white-necked"
833,Renée,741,Coqui francolin,17,6,1,12,1,14,4,71,25,Coqui francolin
834,Nuó,25,Yellow-billed hornbill,41,17,2,7,2,15,1,49,15,Yellow-billed hornbill
835,Hélène,165,Bald eagle,4,16,5,12,4,9,1,83,4,Bald eagle
836,Kallisté,729,Crested barbet,2,16,5,8,0,4,4,82,17,Crested barbet
837,Laïla,372,African bush squirrel,14,16,5,10,3,6,4,18,6,African bush squirrel
838,Åke,456,Killer whale,22,20,5,6,3,15,5,61,6,Killer whale
839,Loïca,577,Sloth two-toed,16,7,2,6,4,3,3,63,2,"Sloth, two-toed"
840,Erwéi,982,Tapir brazilian,37,6,2,9,2,10,1,7,13,"Tapir, brazilian"
841,Séréna,156,Goose cape barren,5,2,4,8,0,12,1,80,10,"Goose, cape barren"
842,Maéna,148,Gull lava,41,13,4,9,1,5,3,89,24,"Gull, lava"
843,Märta,601,Kangaroo red,12,19,5,4,3,10,1,65,21,"Kangaroo, red"
844,Clémence,237,Red-legged pademelon,29,6,2,5,1,11,5,3,4,Red-legged pademelon
845,Maïwenn,396,Civet cat,19,4,2,6,3,6,1,43,6,Civet cat
846,Léana,703,Squirrel european red,34,4,5,10,3,5,5,14,7,"Squirrel, european red"
847,Åslög,619,Hartebeest coke's,46,7,5,7,0,5,1,41,0,"Hartebeest, coke's"
848,Marie-ève,157,Racer blue,28,1,4,8,4,15,3,39,5,"Racer, blue"
849,Adélaïde,610,Helmeted guinea fowl,35,17,2,7,1,17,4,72,29,Helmeted guinea fowl
850,Mégane,940,Turkey common,20,3,4,4,3,2,2,41,20,"Turkey, common"
851,Tú,627,Buffalo american,5,5,2,11,3,14,2,5,16,"Buffalo, american"
852,Régine,122,Gambel's quail,3,16,2,9,4,2,2,66,10,Gambel's quail
853,Daphnée,467,Red-breasted cockatoo,18,15,1,12,2,17,5,29,17,Red-breasted cockatoo
854,Angélique,473,Feathertail glider,20,5,1,6,1,18,3,6,26,Feathertail glider
855,Maëlla,176,Tinamou elegant crested,42,3,3,10,4,3,4,2,6,"Tinamou, elegant crested"
856,Naëlle,868,Brocket red,27,3,2,7,2,19,4,86,29,"Brocket, red"
857,Lorène,328,Snake-necked turtle,23,16,2,9,4,12,2,24,14,Snake-necked turtle
858,Maïlis,107,Heron grey,39,3,1,8,0,17,2,1,3,"Heron, grey"
859,Pénélope,349,Southern screamer,41,20,4,8,2,12,2,88,21,Southern screamer
860,Françoise,571,White-browed owl,29,11,4,11,4,3,4,14,28,White-browed owl
861,Béatrice,263,Asian red fox,7,4,3,10,4,16,3,73,20,Asian red fox
862,Rachèle,508,Radiated tortoise,43,17,4,11,4,15,2,98,20,Radiated tortoise
863,Marylène,182,European spoonbill,13,18,5,4,4,8,1,85,23,European spoonbill
864,Hélène,158,Pintail white-cheeked,45,7,5,5,0,19,4,90,19,"Pintail, white-cheeked"
865,Marie-josée,224,Monkey black spider,37,16,5,8,2,20,2,37,4,"Monkey, black spider"
866,Séréna,289,Savanna fox,35,8,5,4,0,2,2,9,14,Savanna fox
867,Naëlle,670,Racer blue,50,10,1,7,1,17,4,77,7,"Racer, blue"
868,Cléopatre,805,African skink,22,20,3,9,4,19,5,2,16,African skink
869,Félicie,124,Mexican beaded lizard,20,6,2,7,3,2,3,24,10,Mexican beaded lizard
870,Mén,394,Brown hyena,10,17,2,7,1,3,3,100,19,Brown hyena
871,Léa,288,Kongoni,11,18,5,6,3,12,5,5,10,Kongoni
872,Jú,980,Boa malagasy ground,26,8,3,8,4,7,4,89,3,"Boa, malagasy ground"
873,Bécassine,21,Sifaka verreaux's,49,4,3,8,3,11,2,6,27,"Sifaka, verreaux's"
874,Camélia,160,Wallaby dama,24,3,5,6,2,15,1,44,16,"Wallaby, dama"
875,Clémentine,752,Turkey australian brush,31,5,4,9,4,4,1,87,29,"Turkey, australian brush"
876,Görel,430,Antelope four-horned,14,2,3,8,4,1,1,68,3,"Antelope, four-horned"
877,Publicité,240,Oystercatcher blackish,7,20,1,7,0,5,5,15,11,"Oystercatcher, blackish"
878,Lorène,604,Cat miner's,11,5,5,12,1,5,4,44,6,"Cat, miner's"
879,Océane,952,Black-tailed tree creeper,4,14,5,5,4,19,1,63,1,Black-tailed tree creeper
880,Maëlys,877,Shelduck common,12,13,1,11,4,7,2,79,18,"Shelduck, common"
881,Lèi,369,Feathertail glider,4,7,1,8,1,9,4,85,18,Feathertail glider
882,Illustrée,333,Western lowland gorilla,42,18,4,9,2,14,3,85,19,Western lowland gorilla
883,Cunégonde,138,Javanese cormorant,21,10,2,9,2,8,3,68,29,Javanese cormorant
884,Mårten,2,Canada goose,19,11,1,7,4,9,3,65,14,Canada goose
885,Andrée,551,Bird magnificent frigate,2,9,2,4,0,17,4,28,9,"Bird, magnificent frigate"
886,Marie-thérèse,155,Albatross galapagos,36,8,2,4,2,6,1,33,26,"Albatross, galapagos"
887,Faîtes,434,Little heron,13,13,1,9,3,8,3,19,3,Little heron
888,Gaïa,72,Flying fox (unidentified),36,10,5,9,4,1,1,15,17,Flying fox (unidentified)
889,Vérane,942,Desert kangaroo rat,40,9,5,4,1,5,5,57,23,Desert kangaroo rat
890,Erwéi,1,Malabar squirrel,30,9,4,4,4,5,1,99,9,Malabar squirrel
891,Vénus,18,Lemming arctic,14,5,3,5,4,11,3,28,6,"Lemming, arctic"
892,Marylène,649,Cape cobra,3,8,5,10,4,11,3,25,25,Cape cobra
893,Marie-thérèse,647,Kiskadee great,7,7,2,10,3,15,1,34,10,"Kiskadee, great"
894,Audréanne,904,Stone sheep,34,11,1,7,0,2,4,28,14,Stone sheep
895,Simplifiés,885,Scottish highland cow,3,9,5,12,3,16,4,65,8,Scottish highland cow
896,Eloïse,630,Wombat common,28,7,1,4,1,4,3,99,19,"Wombat, common"
897,Clélia,776,Alligator mississippi,12,8,1,6,1,3,3,44,1,"Alligator, mississippi"
898,Aí,979,Gecko (unidentified),28,7,1,9,1,4,4,45,23,Gecko (unidentified)
899,Mårten,845,Toucan red-billed,14,10,3,5,2,8,3,66,1,"Toucan, red-billed"
900,Bénédicte,814,Dusky rattlesnake,23,12,4,10,2,14,5,75,23,Dusky rattlesnake
901,Åsa,351,Richardson's ground squirrel,45,4,2,5,2,7,2,15,30,Richardson's ground squirrel
902,Marie-hélène,553,Stork openbill,34,19,5,6,0,8,2,10,15,"Stork, openbill"
903,Maïlys,874,Yellow-billed hornbill,20,17,5,8,2,7,2,85,0,Yellow-billed hornbill
904,Naëlle,835,Lark horned,4,20,2,10,4,9,5,33,20,"Lark, horned"
905,Maïté,501,Galapagos albatross,39,9,3,4,2,2,4,88,16,Galapagos albatross
906,Andréa,299,Red howler monkey,47,8,4,8,4,14,3,72,28,Red howler monkey
907,Mélissandre,342,Rhea common,16,6,3,7,3,1,5,84,18,"Rhea, common"
908,Cécilia,621,Mouse four-striped grass,4,15,3,5,2,17,5,18,20,"Mouse, four-striped grass"
909,Geneviève,746,Squirrel indian giant,14,9,4,4,1,8,4,22,16,"Squirrel, indian giant"
910,Séréna,638,Lesser masked weaver,4,15,3,11,3,3,2,24,8,Lesser masked weaver
911,Maïly,460,Asian false vampire bat,9,16,2,5,2,7,4,11,1,Asian false vampire bat
912,Judicaël,458,Cockatoo sulfur-crested,43,12,1,5,2,9,2,6,20,"Cockatoo, sulfur-crested"
913,Méng,511,Booby blue-faced,9,7,5,5,2,19,2,31,22,"Booby, blue-faced"
914,Mélissandre,699,Rock dove,46,9,2,8,4,6,3,2,11,Rock dove
915,Mén,540,Common ringtail,30,15,1,6,4,4,4,94,8,Common ringtail
916,Régine,618,Great kiskadee,21,11,1,5,2,9,5,73,22,Great kiskadee
917,Kù,381,Netted rock dragon,17,10,3,4,1,12,1,87,20,Netted rock dragon
918,Léone,95,Rhinoceros white,23,5,1,12,2,2,2,42,29,"Rhinoceros, white"
919,Lài,288,Brown capuchin,22,1,3,12,1,11,2,45,26,Brown capuchin
920,Réservés,697,Common nighthawk,6,9,3,10,1,5,1,8,13,Common nighthawk
921,Maéna,828,Moose,12,10,4,6,3,10,4,68,10,Moose
922,Adélie,229,Red-billed buffalo weaver,30,12,2,10,1,2,1,66,2,Red-billed buffalo weaver
923,Cécile,622,Antelope ground squirrel,2,15,3,12,3,3,5,67,30,Antelope ground squirrel
924,Mélodie,309,Coatimundi white-nosed,48,10,1,11,1,1,3,7,6,"Coatimundi, white-nosed"
925,Loïca,297,Egret snowy,9,10,5,8,0,12,5,81,14,"Egret, snowy"
926,Magdalène,374,Devil tasmanian,4,15,4,10,1,17,1,84,12,"Devil, tasmanian"
927,Mélia,448,American crow,8,18,3,11,0,11,4,99,6,American crow
928,Kallisté,339,Brazilian tapir,14,10,4,9,0,4,3,48,23,Brazilian tapir
929,Cléopatre,95,Smith's bush squirrel,23,10,3,5,0,1,2,2,22,Smith's bush squirrel
930,Mårten,708,Vervet monkey,40,20,4,10,2,4,2,70,6,Vervet monkey
931,Mélanie,635,Four-striped grass mouse,14,1,2,9,4,11,1,27,26,Four-striped grass mouse
932,Lén,29,Four-horned antelope,42,10,3,7,2,11,1,96,2,Four-horned antelope
933,Sòng,602,Red-billed tropic bird,28,10,3,5,3,1,3,41,0,Red-billed tropic bird
934,Judicaël,737,Python (unidentified),31,10,2,9,0,7,1,15,18,Python (unidentified)
935,Françoise,921,Brazilian tapir,31,15,2,6,1,5,4,67,30,Brazilian tapir
936,Thérèsa,479,Kangaroo western grey,17,3,5,7,1,16,1,1,16,"Kangaroo, western grey"
937,Illustrée,184,White-bellied sea eagle,48,10,3,8,0,20,5,44,12,White-bellied sea eagle
938,Célestine,416,Lion steller's sea,28,14,4,4,4,16,4,14,2,"Lion, steller's sea"
939,Méline,667,Nine-banded armadillo,24,7,4,10,4,2,1,88,8,Nine-banded armadillo
940,Marie-ève,915,Macaque bonnet,46,5,5,8,0,19,2,40,5,"Macaque, bonnet"
941,Naéva,327,Galapagos sea lion,9,10,2,10,4,4,1,14,17,Galapagos sea lion
942,Léa,910,Possum pygmy,35,17,5,9,4,2,1,13,12,"Possum, pygmy"
943,Léa,777,African porcupine,47,6,1,6,1,8,4,86,14,African porcupine
944,Adèle,428,Rat white-faced tree,37,17,3,4,1,1,4,62,26,"Rat, white-faced tree"
945,Marie-françoise,573,Fox pampa gray,9,6,3,10,4,18,2,40,15,"Fox, pampa gray"
946,Anaël,663,European wild cat,8,19,5,11,1,8,1,64,9,European wild cat
947,Réservés,744,Southern brown bandicoot,21,20,1,8,3,4,2,71,29,Southern brown bandicoot
948,Véronique,684,Yellow-headed caracara,45,18,4,12,2,12,2,19,17,Yellow-headed caracara
949,Bénédicte,306,Ibis puna,46,20,5,12,0,10,4,46,13,"Ibis, puna"
950,Bérangère,721,Eurasian beaver,50,14,3,12,0,17,1,40,15,Eurasian beaver
951,Léane,489,Swainson's francolin,47,13,5,7,3,16,2,63,19,Swainson's francolin
952,Noëlla,101,Oriental white-backed vulture,49,9,4,9,3,9,5,66,21,Oriental white-backed vulture
953,Néhémie,861,Crake african black,36,16,4,7,3,19,3,47,7,"Crake, african black"
954,Cécile,270,Mississippi alligator,10,14,3,4,3,4,4,81,12,Mississippi alligator
955,Lorène,986,European red squirrel,47,19,1,10,2,7,2,57,26,European red squirrel
956,Garçon,160,Duck mountain,7,11,2,8,0,4,1,22,18,"Duck, mountain"
957,Sòng,944,Pied avocet,31,7,4,6,4,2,5,39,18,Pied avocet
958,Lèi,396,Skua great,43,6,2,12,3,18,2,53,10,"Skua, great"
959,Tán,377,Trumpeter swan,19,1,2,7,0,19,4,54,23,Trumpeter swan
960,Rébecca,366,South American meadowlark (unidentified),39,20,3,9,3,20,2,12,16,South American meadowlark (unidentified)
961,Táng,341,Heron goliath,20,5,5,12,1,10,4,47,3,"Heron, goliath"
962,Börje,822,Antelope roan,32,11,2,8,0,3,2,7,14,"Antelope, roan"
963,Nélie,977,Brown and yellow marshbird,31,2,5,5,4,10,3,85,30,Brown and yellow marshbird
964,Marie-noël,858,Long-billed corella,14,6,3,9,3,10,1,22,9,Long-billed corella
965,Yóu,926,Iguana common green,18,13,3,11,3,18,1,60,9,"Iguana, common green"
966,Réservés,542,White spoonbill,37,7,1,5,2,18,1,83,20,White spoonbill
967,Camélia,17,Black swan,12,2,2,7,2,18,3,87,12,Black swan
968,Séréna,117,Phascogale brush-tailed,23,14,4,7,0,13,4,45,16,"Phascogale, brush-tailed"
969,Réservés,766,Arctic tern,14,16,4,9,3,19,3,1,3,Arctic tern
970,Kuí,61,Neotropic cormorant,13,1,3,9,4,12,2,44,3,Neotropic cormorant
971,Mén,534,Cobra egyptian,29,16,2,12,0,14,5,86,5,"Cobra, egyptian"
972,Médiamass,276,European spoonbill,23,12,3,5,1,11,4,50,28,European spoonbill
973,Dafnée,887,Crested porcupine,41,3,3,6,0,20,4,33,3,Crested porcupine
974,Åke,919,Nyala,11,9,3,12,2,8,2,27,8,Nyala
975,Judicaël,39,Southern right whale,39,2,5,12,0,14,3,15,2,Southern right whale
976,Loïs,771,Red-winged hawk (unidentified),33,2,5,12,1,19,4,11,25,Red-winged hawk (unidentified)
977,Léa,592,Phascogale red-tailed,46,13,5,10,0,2,1,55,30,"Phascogale, red-tailed"
978,Dorothée,734,Spoonbill european,50,17,5,8,1,15,1,83,13,"Spoonbill, european"
979,Salomé,896,Turtle long-necked,47,6,2,8,0,10,1,23,6,"Turtle, long-necked"
980,Pò,758,Porcupine prehensile-tailed,2,2,3,9,1,18,1,99,27,"Porcupine, prehensile-tailed"
981,Gaétane,100,Red kangaroo,27,7,4,11,4,9,4,29,22,Red kangaroo
982,Andréanne,790,Red kangaroo,45,10,1,8,4,8,3,100,23,Red kangaroo
983,Hélène,16,Secretary bird,39,13,1,10,0,20,5,54,11,Secretary bird
984,Mélinda,291,Puku,21,17,1,4,1,10,5,38,13,Puku
985,Zoé,261,Baboon savanna,14,4,3,7,2,16,2,54,6,"Baboon, savanna"
986,Inès,777,Thomson's gazelle,3,10,4,6,0,3,5,79,0,Thomson's gazelle
987,Séverine,329,Goose cape barren,4,5,4,7,3,20,3,45,9,"Goose, cape barren"
988,Maëline,642,Coqui francolin,49,19,4,10,0,5,1,50,30,Coqui francolin
989,Intéressant,409,Trumpeter swan,40,7,4,8,2,17,3,88,19,Trumpeter swan
990,Gwenaëlle,575,Pine siskin,48,6,4,12,3,17,4,53,15,Pine siskin
991,Simplifiés,390,White-throated monitor,14,7,1,7,0,15,5,20,20,White-throated monitor
992,Bécassine,648,Red-winged hawk (unidentified),11,13,5,8,3,13,1,21,21,Red-winged hawk (unidentified)
993,Garçon,971,Heron black-crowned night,21,12,5,5,0,17,2,23,28,"Heron, black-crowned night"
994,Vénus,281,Dassie,25,1,2,12,4,10,5,93,25,Dassie
995,Lyséa,772,Hawk galapagos,14,9,3,10,0,7,3,68,30,"Hawk, galapagos"
996,Josée,796,Dragon netted rock,3,20,1,6,4,17,4,25,30,"Dragon, netted rock"
997,Pål,82,Laughing kookaburra,10,15,3,8,3,1,5,99,12,Laughing kookaburra
998,Maëline,987,Tern white-winged black,47,18,2,10,3,10,4,35,9,"Tern, white-winged black"
999,Anaël,521,Squirrel pine,41,5,2,6,2,9,4,31,13,"Squirrel, pine"
1000,Pål,197,Sparrow house,35,8,4,4,3,11,2,28,12,"Sparrow, house"